sector,url_path,canonical,title,description,h1,word_count,jsonld_types,has_breadcrumblist,has_faqpage,has_article,has_webpage,og_image_per_page,og_image_url,internal_links,external_links,first_commit_date,last_commit_date
toplevel,index.html,https://frqncy.network/,"FRQNCY — A network of people, building their dream life","FRQNCY is a topic graph for consciousness — 146 maps of how money, energy, mind, and matter actually work. A reading list with conviction. A network becoming a civilisation. A fund underneath.",FRQNCY,301,SearchAction|WebSite|ImageObject|Person|Organization,False,False,False,False,False,https://frqncy.network/og-image.png,24,5,2026-04-04,2026-04-30
toplevel,about.html,https://frqncy.network/about,Vision — FRQNCY | A Living Library for the Conscious Age,"FRQNCY is a living library for the conscious age — a cooperative curation network pointing seekers to the wisdom, teachers, and practices that align with their journey, across 15 domains of human expe",,815,Organization,False,False,False,False,False,https://frqncy.network/og-image.png,18,3,2026-04-10,2026-04-30
toplevel,podcast.html,https://frqncy.network/podcast,Podcast — FRQNCY | Long Conversations at the Frontier,"The mothership voice of FRQNCY. Long-form conversations with the teachers, builders, researchers, and healers already doing the work. First of the .frqncy channels — crypto.frqncy and publicspeaking.f",The FRQNCY Podcast,366,PodcastSeries|Person|Organization,False,False,False,False,False,https://frqncy.network/og-image.png,19,3,2026-04-10,2026-04-29
toplevel,start-here.html,https://frqncy.network/start-here,Start Here — FRQNCY | Your Guided Entry Into the Network,"New to FRQNCY? Start here. A guided introduction to the network, the pillars, and where to begin your exploration.",,533,,False,False,False,False,False,https://frqncy.network/og-image.png,19,3,2026-04-10,2026-04-27
toplevel,space.html,https://frqncy.network/space,"Space — FRQNCY | Coworking, Retreat & Physical Sanctuary","A minimal, intentionally designed coworking and relaxation space. The first physical node of the Sanctuary. Membership-based, launching soon.","A Place to Think, Rest, and Connect",424,,False,False,False,False,False,https://frqncy.network/og-image.png,15,3,2026-04-10,2026-04-29
toplevel,platform.html,https://frqncy.network/platform,Platform — FRQNCY | How the Network Works,"The shape of the network: 15 domains, six pillars, one thesis. Remember. Create. Walk the map FRQNCY is built on.",The Shape of FRQNCY,352,,False,False,False,False,False,https://frqncy.network/og-image.png,31,3,2026-04-10,2026-04-27
toplevel,search.html,https://frqncy.network/search,Search — FRQNCY,"Ask the network anything. 15 domains, hundreds of topics, thousands of resources — one search field, one step in.",One Field. The Whole Network.,0,,False,False,False,False,False,https://frqncy.network/og-image.png,20,4,2026-04-15,2026-04-29
toplevel,chart.html,https://frqncy.network/chart,Your Chart — FRQNCY,"Your chart, read back to you. Human Design, Gene Keys, natal — the on-ramp into Education. One click from where you stand.","Your Chart, Read Back to You",415,,False,False,False,False,False,https://frqncy.network/og-image.png,17,4,2026-04-15,2026-04-29
toplevel,404.html,,Not Found — FRQNCY,,,46,,False,False,False,False,False,,1,3,2026-04-10,2026-04-19
toplevel,membership/index.html,https://frqncy.network/membership/,Membership — FRQNCY,Support the network. Get nothing the public site doesn't have. The reading stays free.,,354,,False,False,False,False,False,https://frqncy.network/og-image.png,14,3,2026-04-28,2026-04-30
toplevel,aligned/index.html,https://frqncy.network/aligned/,Aligned Goods — FRQNCY,"A curated index of products, places, texts, and tools that help you live in alignment. Information in abundance. No paid placement.",,377,,False,False,False,False,False,https://frqncy.network/og-image.png,31,3,2026-04-25,2026-05-01
books,books/,https://frqncy.network/books/,Books — FRQNCY Network,284 books curated on the FRQNCY network.,Books,6800,WebSite|ListItem|CollectionPage|ItemList,False,False,False,False,False,https://frqncy.network/og-image.png,7,3,2026-04-24,2026-04-29
books,books/a-course-in-miracles/,https://frqncy.network/books/a-course-in-miracles/,A Course in Miracles — FRQNCY Network,"A complete spiritual thought system channelled over seven years. Polarising, profound.",A Course in Miracles,18,WebSite|Book|ListItem|BreadcrumbList,True,False,False,False,False,https://frqncy.network/og-image.png,10,4,2026-04-24,2026-04-29
books,books/a-happy-pocket-full-of-money/,https://frqncy.network/books/a-happy-pocket-full-of-money/,A Happy Pocket Full of Money — FRQNCY Network,"Wealth consciousness from first principles — money as energy, abundance as a state of being before it is a state of having. Applies equally to the science",A Happy Pocket Full of Money,31,WebSite|Book|ListItem|BreadcrumbList,True,False,False,False,False,https://frqncy.network/og-image.png,10,4,2026-04-24,2026-04-29
books,books/a-pattern-language/,https://frqncy.network/books/a-pattern-language/,A Pattern Language — FRQNCY Network,"253 patterns for designing buildings, towns, and cities that make human life flourish. A design classic.",A Pattern Language,18,WebSite|Book|ListItem|BreadcrumbList,True,False,False,False,False,https://frqncy.network/og-image.png,9,4,2026-04-24,2026-04-29
books,books/a-sand-county-almanac/,https://frqncy.network/books/a-sand-county-almanac/,A Sand County Almanac — FRQNCY Network,The founding text of modern ecology and land ethics. Lyrical and essential.,A Sand County Almanac,18,WebSite|Book|ListItem|BreadcrumbList,True,False,False,False,False,https://frqncy.network/og-image.png,9,4,2026-04-24,2026-04-29
books,books/acres-of-diamonds/,https://frqncy.network/books/acres-of-diamonds/,Acres of Diamonds — FRQNCY Network,"The famous lecture given 6,000 times — the opportunity you seek is already in the field you stand on.",Acres of Diamonds,17,WebSite|Book|ListItem|BreadcrumbList,True,False,False,False,False,https://frqncy.network/og-image.png,9,4,2026-04-24,2026-04-29
books,books/aliens-and-the-bible/,https://frqncy.network/books/aliens-and-the-bible/,Aliens and the Bible — FRQNCY Network,"The biblical scholar&#39;s rigorous examination of ancient texts — are the Elohim, Nephilim, and Watchers a record of extraterrestrial contact?",Aliens and the Bible,16,WebSite|Book|ListItem|BreadcrumbList,True,False,False,False,False,https://frqncy.network/og-image.png,9,4,2026-04-24,2026-04-29
books,books/alive-in-shape-and-color/,https://frqncy.network/books/alive-in-shape-and-color/,Alive in Shape and Color — FRQNCY Network,Writers respond to great works of art. Where literature and visual culture meet.,Alive in Shape and Color,15,WebSite|Book|ListItem|BreadcrumbList,True,False,False,False,False,https://frqncy.network/og-image.png,9,4,2026-04-24,2026-04-29
books,books/america-before/,https://frqncy.network/books/america-before/,America Before — FRQNCY Network,"The case for a forgotten civilisation in the Americas — geological evidence, ancient maps, and a pre-Columbian mystery.",America Before,16,WebSite|Book|ListItem|BreadcrumbList,True,False,False,False,False,https://frqncy.network/og-image.png,10,4,2026-04-24,2026-04-29
books,books/americanah/,https://frqncy.network/books/americanah/,Americanah — FRQNCY Network,"A novel about identity, race, and belonging across continents. The most vital voice on the diasporic experience.",Americanah,18,WebSite|Book|ListItem|BreadcrumbList,True,False,False,False,False,https://frqncy.network/og-image.png,9,4,2026-04-24,2026-04-29
books,books/artificial-intelligence-a-guide-for-thinking-humans/,https://frqncy.network/books/artificial-intelligence-a-guide-for-thinking-humans/,Artificial Intelligence: A Guide for Thinking Humans — FRQNCY Network,"The most honest, clear-eyed overview of what AI can and cannot do. Required reading before forming strong opinions.",Artificial Intelligence: A Guide for Thinking Humans,19,WebSite|Book|ListItem|BreadcrumbList,True,False,False,False,False,https://frqncy.network/og-image.png,9,4,2026-04-24,2026-04-29
books,books/as-a-man-thinketh/,https://frqncy.network/books/as-a-man-thinketh/,As a Man Thinketh — FRQNCY Network,"The 1903 masterpiece — mind is the master weaver, creating the inner garment of character and the outer garment of circumstance.",As a Man Thinketh,16,WebSite|Book|ListItem|BreadcrumbList,True,False,False,False,False,https://frqncy.network/og-image.png,9,4,2026-04-24,2026-04-29
books,books/ask-and-it-is-given/,https://frqncy.network/books/ask-and-it-is-given/,Ask and It Is Given — FRQNCY Network,22 processes for applying the Law of Attraction — the most practical Abraham book for working with the creative power of desire.,Ask and It Is Given,13,WebSite|Book|ListItem|BreadcrumbList,True,False,False,False,False,https://frqncy.network/og-image.png,10,4,2026-04-24,2026-04-29
books,books/at-your-command/,https://frqncy.network/books/at-your-command/,At Your Command — FRQNCY Network,"Neville&#39;s first published work. A 28-page distillation of his core teaching: that &#39;I AM&#39; is the only creative power, and what you assume yourself to be, yo",At Your Command,16,WebSite|Book|ListItem|BreadcrumbList,True,False,False,False,False,https://frqncy.network/og-image.png,10,4,2026-04-25,2026-04-29
books,books/autobiography-of-a-yogi/,https://frqncy.network/books/autobiography-of-a-yogi/,Autobiography of a Yogi — FRQNCY Network,"One of the most influential spiritual autobiographies ever written — Yogananda&#39;s account of his life and the masters of India, the transmission of Kriya Yo",Autobiography of a Yogi,54,WebSite|Book|ListItem|BreadcrumbList,True,False,False,False,False,https://frqncy.network/og-image.png,12,4,2026-04-24,2026-04-29
books,books/awakened-imagination/,https://frqncy.network/books/awakened-imagination/,Awakened Imagination — FRQNCY Network,On imagination as the actual creative power — not metaphor but mechanism. Includes Neville&#39;s readings of Blake and Coleridge as fellow witnesses.,Awakened Imagination,16,WebSite|Book|ListItem|BreadcrumbList,True,False,False,False,False,https://frqncy.network/og-image.png,10,4,2026-04-25,2026-04-29
books,books/becoming-a-supple-leopard/,https://frqncy.network/books/becoming-a-supple-leopard/,Becoming a Supple Leopard — FRQNCY Network,The definitive guide to resolving movement problems and building a body that lasts.,Becoming a Supple Leopard,19,WebSite|Book|ListItem|BreadcrumbList,True,False,False,False,False,https://frqncy.network/og-image.png,9,4,2026-04-24,2026-04-29
books,books/becoming-rich/,https://frqncy.network/books/becoming-rich/,Becoming Rich — FRQNCY Network,Eleven principles of the millionaire mindset — drawn from interviews with self-made men and women across industries.,Becoming Rich,17,WebSite|Book|ListItem|BreadcrumbList,True,False,False,False,False,https://frqncy.network/og-image.png,9,4,2026-04-24,2026-04-29
books,books/becoming-supernatural/,https://frqncy.network/books/becoming-supernatural/,Becoming Supernatural — FRQNCY Network,"How ordinary people are doing the extraordinary — Dispenza&#39;s synthesis of neuroscience, epigenetics, and meditation for healing and transformation.",Becoming Supernatural,17,WebSite|Book|ListItem|BreadcrumbList,True,False,False,False,False,https://frqncy.network/og-image.png,10,4,2026-04-24,2026-04-29
books,books/biomimicry/,https://frqncy.network/books/biomimicry/,Biomimicry — FRQNCY Network,"The book that launched the field. Nature as mentor, measure, and model for human design.",Biomimicry,20,WebSite|Book|ListItem|BreadcrumbList,True,False,False,False,False,https://frqncy.network/og-image.png,9,4,2026-04-24,2026-04-29
books,books/bitcoin-whitepaper/,https://frqncy.network/books/bitcoin-whitepaper/,Bitcoin Whitepaper — FRQNCY Network,"Nine pages that changed money forever. The original 2008 paper describing a peer-to-peer electronic cash system — still the clearest, most radical thing wr",Bitcoin Whitepaper,34,WebSite|Book|ListItem|BreadcrumbList,True,False,False,False,False,https://frqncy.network/og-image.png,11,4,2026-04-24,2026-04-29
books,books/blink/,https://frqncy.network/books/blink/,Blink — FRQNCY Network,The power of thinking without thinking — how expert intuition works and when to trust it.,Blink,17,WebSite|Book|ListItem|BreadcrumbList,True,False,False,False,False,https://frqncy.network/og-image.png,10,4,2026-04-24,2026-04-29
books,books/bowling-alone/,https://frqncy.network/books/bowling-alone/,Bowling Alone — FRQNCY Network,The data-driven account of America&#39;s collapse in social capital — and why it matters for democracy and health.,Bowling Alone,20,WebSite|Book|ListItem|BreadcrumbList,True,False,False,False,False,https://frqncy.network/og-image.png,9,4,2026-04-24,2026-04-29
books,books/braiding-sweetgrass/,https://frqncy.network/books/braiding-sweetgrass/,Braiding Sweetgrass — FRQNCY Network,"A Potawatomi botanist weaves indigenous wisdom with Western botany and ecological science — a meditation on gratitude, reciprocity, plant intelligence, and",Braiding Sweetgrass,69,WebSite|Book|ListItem|BreadcrumbList,True,False,False,False,False,https://frqncy.network/og-image.png,13,4,2026-04-24,2026-04-29
books,books/breaking-the-habit-of-being-yourself/,https://frqncy.network/books/breaking-the-habit-of-being-yourself/,Breaking the Habit of Being Yourself — FRQNCY Network,How quantum physics and neuroscience explain why changing your mind can change your biology — Dispenza&#39;s most accessible introduction.,Breaking the Habit of Being Yourself,18,WebSite|Book|ListItem|BreadcrumbList,True,False,False,False,False,https://frqncy.network/og-image.png,10,4,2026-04-24,2026-04-29
books,books/breath/,https://frqncy.network/books/breath/,Breath — FRQNCY Network,The most comprehensive investigation into how we breathe — and how most of us are doing it wrong.,Breath,20,WebSite|Book|ListItem|BreadcrumbList,True,False,False,False,False,https://frqncy.network/og-image.png,10,4,2026-04-24,2026-04-29
books,books/care-of-the-soul/,https://frqncy.network/books/care-of-the-soul/,Care of the Soul — FRQNCY Network,Depth psychology meets spirituality. How to tend to the soul through everyday life rather than transcendence.,Care of the Soul,19,WebSite|Book|ListItem|BreadcrumbList,True,False,False,False,False,https://frqncy.network/og-image.png,9,4,2026-04-24,2026-04-29
books,books/clean/,https://frqncy.network/books/clean/,Clean — FRQNCY Network,"A physician&#39;s programme for reducing toxic load on the body — practical, grounded, and medically informed.",Clean,17,WebSite|Book|ListItem|BreadcrumbList,True,False,False,False,False,https://frqncy.network/og-image.png,9,4,2026-04-24,2026-04-29
books,books/complexity/,https://frqncy.network/books/complexity/,Complexity — FRQNCY Network,The story of the Santa Fe Institute and the birth of complexity science.,Complexity,17,WebSite|Book|ListItem|BreadcrumbList,True,False,False,False,False,https://frqncy.network/og-image.png,9,4,2026-04-24,2026-04-29
books,books/conversations-with-god/,https://frqncy.network/books/conversations-with-god/,Conversations with God — FRQNCY Network,"The unexpected channeled conversation that changed millions of lives — direct dialogue with a presence that reframes everything about love, death, purpose,",Conversations with God,28,WebSite|Book|ListItem|BreadcrumbList,True,False,False,False,False,https://frqncy.network/og-image.png,10,4,2026-04-24,2026-04-29
books,books/cosmos/,https://frqncy.network/books/cosmos/,Cosmos — FRQNCY Network,The book and series that made astrophysics feel like philosophy. Still the best gateway into the subject.,Cosmos,20,WebSite|Book|ListItem|BreadcrumbList,True,False,False,False,False,https://frqncy.network/og-image.png,10,4,2026-04-24,2026-04-29
books,books/cradle-to-cradle/,https://frqncy.network/books/cradle-to-cradle/,Cradle to Cradle — FRQNCY Network,The manifesto for designing waste out of the system entirely. Industrial ecology at its most visionary.,Cradle to Cradle,22,WebSite|Book|ListItem|BreadcrumbList,True,False,False,False,False,https://frqncy.network/og-image.png,9,4,2026-04-24,2026-04-29
books,books/creative-mind-and-success/,https://frqncy.network/books/creative-mind-and-success/,Creative Mind and Success — FRQNCY Network,"The founder of Science of Mind on using mental law to create success — clear, practical, and spiritually grounded.",Creative Mind and Success,16,WebSite|Book|ListItem|BreadcrumbList,True,False,False,False,False,https://frqncy.network/og-image.png,9,4,2026-04-24,2026-04-29
books,books/cydonia-the-secret-chronicles-of-mars/,https://frqncy.network/books/cydonia-the-secret-chronicles-of-mars/,Cydonia: The Secret Chronicles of Mars — FRQNCY Network,"David Flynn&#39;s investigation into the 33rd parallel, Cydonia&#39;s geometry, and the encoded connection between Mars, sacred sites, and the Watchers tradition.",Cydonia: The Secret Chronicles of Mars,16,WebSite|Book|ListItem|BreadcrumbList,True,False,False,False,False,https://frqncy.network/og-image.png,9,4,2026-04-24,2026-04-29
books,books/death-on-mars/,https://frqncy.network/books/death-on-mars/,Death on Mars — FRQNCY Network,The plasma physicist&#39;s case that Mars was destroyed by a nuclear cataclysm — isotopic evidence for a thermonuclear event on a once-inhabited planet.,Death on Mars,16,WebSite|Book|ListItem|BreadcrumbList,True,False,False,False,False,https://frqncy.network/og-image.png,9,4,2026-04-24,2026-04-29
books,books/deschooling-society/,https://frqncy.network/books/deschooling-society/,Deschooling Society — FRQNCY Network,A radical critique of compulsory schooling and a vision for self-directed learning communities.,Deschooling Society,19,WebSite|Book|ListItem|BreadcrumbList,True,False,False,False,False,https://frqncy.network/og-image.png,9,4,2026-04-24,2026-04-29
books,books/designing-your-life/,https://frqncy.network/books/designing-your-life/,Designing Your Life — FRQNCY Network,"Stanford&#39;s design-thinking approach to building a well-lived life — treating your life as a prototype, not a plan.",Designing Your Life,17,WebSite|Book|ListItem|BreadcrumbList,True,False,False,False,False,https://frqncy.network/og-image.png,9,4,2026-04-24,2026-04-29
books,books/dmt-the-spirit-molecule/,https://frqncy.network/books/dmt-the-spirit-molecule/,DMT: The Spirit Molecule — FRQNCY Network,Clinical research on DMT and its apparent role in opening perception of non-ordinary dimensions.,DMT: The Spirit Molecule,15,WebSite|Book|ListItem|BreadcrumbList,True,False,False,False,False,https://frqncy.network/og-image.png,9,4,2026-04-24,2026-04-29
books,books/doughnut-economics/,https://frqncy.network/books/doughnut-economics/,Doughnut Economics — FRQNCY Network,A new economic compass for the 21st century — thriving within planetary boundaries. The foundational text for regenerative business. Essential and readable,Doughnut Economics,36,WebSite|Book|ListItem|BreadcrumbList,True,False,False,False,False,https://frqncy.network/og-image.png,10,4,2026-04-24,2026-04-29
books,books/drawdown/,https://frqncy.network/books/drawdown/,Drawdown — FRQNCY Network,The most comprehensive plan to reverse global warming ever assembled — 100 solutions ranked by impact.,Drawdown,36,WebSite|Book|ListItem|BreadcrumbList,True,False,False,False,False,https://frqncy.network/og-image.png,10,4,2026-04-24,2026-04-29
books,books/dying-to-be-me/,https://frqncy.network/books/dying-to-be-me/,Dying to Be Me — FRQNCY Network,Anita Moorjani&#39;s miraculous recovery from end-stage cancer after a profound near-death experience — the most powerful first-person account of how love and,Dying to Be Me,33,WebSite|Book|ListItem|BreadcrumbList,True,False,False,False,False,https://frqncy.network/og-image.png,11,4,2026-04-24,2026-04-29
books,books/e-squared/,https://frqncy.network/books/e-squared/,E-Squared — FRQNCY Network,Nine do-it-yourself energy experiments that prove your thoughts create your reality — making the law of attraction testable.,E-Squared,16,WebSite|Book|ListItem|BreadcrumbList,True,False,False,False,False,https://frqncy.network/og-image.png,9,4,2026-04-24,2026-04-29
books,books/edgar-cayces-story-of-the-origin-and-destiny-of-man/,https://frqncy.network/books/edgar-cayces-story-of-the-origin-and-destiny-of-man/,Edgar Cayce&#39;s Story of the Origin and Destiny of Man — FRQNCY Network,The sleeping prophet&#39;s readings on the Akashic field — extraordinary and still debated.,Edgar Cayce&#39;s Story of the Origin and Destiny of Man,18,WebSite|Book|ListItem|BreadcrumbList,True,False,False,False,False,https://frqncy.network/og-image.png,10,4,2026-04-24,2026-04-29
books,books/emergence/,https://frqncy.network/books/emergence/,Emergence — FRQNCY Network,"How cities, ant colonies, and the internet self-organise without central control. A joyful book about complexity.",Emergence,20,WebSite|Book|ListItem|BreadcrumbList,True,False,False,False,False,https://frqncy.network/og-image.png,9,4,2026-04-24,2026-04-29
books,books/emergent-strategy/,https://frqncy.network/books/emergent-strategy/,Emergent Strategy — FRQNCY Network,Principles of change drawn from nature and complexity science — organising as if the world depends on it.,Emergent Strategy,21,WebSite|Book|ListItem|BreadcrumbList,True,False,False,False,False,https://frqncy.network/og-image.png,10,4,2026-04-24,2026-04-29
books,books/energy-medicine/,https://frqncy.network/books/energy-medicine/,Energy Medicine — FRQNCY Network,The most comprehensive guide to working with the body&#39;s energy systems for health and vitality.,Energy Medicine,20,WebSite|Book|ListItem|BreadcrumbList,True,False,False,False,False,https://frqncy.network/og-image.png,9,4,2026-04-24,2026-04-29
books,books/entangled-life/,https://frqncy.network/books/entangled-life/,Entangled Life — FRQNCY Network,How fungi make our worlds — and why mycelium networks challenge everything we think we know about intelligence.,Entangled Life,23,WebSite|Book|ListItem|BreadcrumbList,True,False,False,False,False,https://frqncy.network/og-image.png,9,4,2026-04-24,2026-04-29
books,books/enthusiasm/,https://frqncy.network/books/enthusiasm/,Enthusiasm — FRQNCY Network,Gurumayi&#39;s teaching on enthusiasm as the fuel of spiritual life — the divine energy that makes every action an act of worship.,Enthusiasm,18,WebSite|Book|ListItem|BreadcrumbList,True,False,False,False,False,https://frqncy.network/og-image.png,10,4,2026-04-24,2026-04-29
books,books/ethereum-whitepaper/,https://frqncy.network/books/ethereum-whitepaper/,Ethereum Whitepaper — FRQNCY Network,Vitalik Buterin&#39;s 2014 vision for a world computer — extending Bitcoin with Turing-complete scripting to enable any decentralised application.,Ethereum Whitepaper,14,WebSite|Book|ListItem|BreadcrumbList,True,False,False,False,False,https://frqncy.network/og-image.png,10,4,2026-04-24,2026-04-29
books,books/feeling-is-the-secret/,https://frqncy.network/books/feeling-is-the-secret/,Feeling Is the Secret — FRQNCY Network,"Sixty pages, no fluff. Neville&#39;s clearest single statement of the method: it is the felt sense of the wish fulfilled, not the thought, that does the work.",Feeling Is the Secret,16,WebSite|Book|ListItem|BreadcrumbList,True,False,False,False,False,https://frqncy.network/og-image.png,10,4,2026-04-25,2026-04-29
books,books/fingerprints-of-the-gods/,https://frqncy.network/books/fingerprints-of-the-gods/,Fingerprints of the Gods — FRQNCY Network,The investigation into a lost civilisation predating recorded history — the book that launched a global movement of alternative archaeology.,Fingerprints of the Gods,19,WebSite|Book|ListItem|BreadcrumbList,True,False,False,False,False,https://frqncy.network/og-image.png,10,4,2026-04-24,2026-04-29
books,books/finite-and-infinite-games/,https://frqncy.network/books/finite-and-infinite-games/,Finite and Infinite Games — FRQNCY Network,"Two kinds of games. Finite games are played to win. Infinite games are played to keep playing. A philosophy of play so sharp it applies to creation, busine",Finite and Infinite Games,39,WebSite|Book|ListItem|BreadcrumbList,True,False,False,False,False,https://frqncy.network/og-image.png,10,4,2026-04-24,2026-04-29
books,books/flatland/,https://frqncy.network/books/flatland/,Flatland — FRQNCY Network,A Victorian satire that remains the best introduction to thinking about higher dimensions. Free online.,Flatland,15,WebSite|Book|ListItem|BreadcrumbList,True,False,False,False,False,https://frqncy.network/og-image.png,9,4,2026-04-24,2026-04-29
books,books/food-sovereignty/,https://frqncy.network/books/food-sovereignty/,Food Sovereignty — FRQNCY Network,A global reconnection of people and place — the concept and movement.,Food Sovereignty,20,WebSite|Book|ListItem|BreadcrumbList,True,False,False,False,False,https://frqncy.network/og-image.png,9,4,2026-04-24,2026-04-29
books,books/four-fish/,https://frqncy.network/books/four-fish/,Four Fish — FRQNCY Network,The future of the last wild food. Four fish tell the story of the ocean&#39;s collapse and potential recovery.,Four Fish,19,WebSite|Book|ListItem|BreadcrumbList,True,False,False,False,False,https://frqncy.network/og-image.png,9,4,2026-04-24,2026-04-29
books,books/four-thousand-weeks/,https://frqncy.network/books/four-thousand-weeks/,Four Thousand Weeks — FRQNCY Network,Time management for mortals. Why productivity culture fails — and what to do instead.,Four Thousand Weeks,22,WebSite|Book|ListItem|BreadcrumbList,True,False,False,False,False,https://frqncy.network/og-image.png,9,4,2026-04-24,2026-04-29
books,books/freedom-for-all/,https://frqncy.network/books/freedom-for-all/,Freedom for All — FRQNCY Network,"Subtitled A Practical Application of the Bible. Neville reads the Old and New Testaments as instructions for inner work — not history, but technique.",Freedom for All,16,WebSite|Book|ListItem|BreadcrumbList,True,False,False,False,False,https://frqncy.network/og-image.png,10,4,2026-04-25,2026-04-29
books,books/from-the-finite-to-the-infinite/,https://frqncy.network/books/from-the-finite-to-the-infinite/,From the Finite to the Infinite — FRQNCY Network,"Muktananda answers seekers&#39; deepest questions on the nature of the self, the guru, and the path of Kashmir Shaivism.",From the Finite to the Infinite,18,WebSite|Book|ListItem|BreadcrumbList,True,False,False,False,False,https://frqncy.network/og-image.png,10,4,2026-04-24,2026-04-29
books,books/growing-a-revolution/,https://frqncy.network/books/growing-a-revolution/,Growing a Revolution — FRQNCY Network,The science and practice of regenerative agriculture — how soil health drives farm profitability and climate healing.,Growing a Revolution,18,WebSite|Book|ListItem|BreadcrumbList,True,False,False,False,False,https://frqncy.network/og-image.png,9,4,2026-04-24,2026-04-29
books,books/gödel-escher-bach/,https://frqncy.network/books/gödel-escher-bach/,"Gödel, Escher, Bach — FRQNCY Network","A Pulitzer Prize-winning journey through logic, self-reference, and consciousness. A cult classic for good reason.","Gödel, Escher, Bach",17,WebSite|Book|ListItem|BreadcrumbList,True,False,False,False,False,https://frqncy.network/og-image.png,9,4,,
books,books/hamlet/,https://frqncy.network/books/hamlet/,Hamlet — FRQNCY Network,Still the greatest drama ever written. The Folger edition is the best free annotated version online.,Hamlet,16,WebSite|Book|ListItem|BreadcrumbList,True,False,False,False,False,https://frqncy.network/og-image.png,9,4,2026-04-24,2026-04-29
books,books/how-not-to-die/,https://frqncy.network/books/how-not-to-die/,How Not to Die — FRQNCY Network,A physician reviews every major cause of death and the dietary changes that prevent them. Evidence-based and accessible.,How Not to Die,21,WebSite|Book|ListItem|BreadcrumbList,True,False,False,False,False,https://frqncy.network/og-image.png,9,4,2026-04-24,2026-04-29
books,books/how-to-be-rich/,https://frqncy.network/books/how-to-be-rich/,How to Be Rich — FRQNCY Network,"Practical counsel from one of the 20th century&#39;s richest men — attitudes, habits, and principles of building lasting wealth.",How to Be Rich,17,WebSite|Book|ListItem|BreadcrumbList,True,False,False,False,False,https://frqncy.network/og-image.png,9,4,2026-04-24,2026-04-29
books,books/how-to-change-your-mind/,https://frqncy.network/books/how-to-change-your-mind/,How to Change Your Mind — FRQNCY Network,The book that opened the mainstream conversation about psychedelic medicine and therapeutic potential.,How to Change Your Mind,21,WebSite|Book|ListItem|BreadcrumbList,True,False,False,False,False,https://frqncy.network/og-image.png,10,4,2026-04-24,2026-04-29
books,books/how-to-create-a-mind/,https://frqncy.network/books/how-to-create-a-mind/,How to Create a Mind — FRQNCY Network,A leading AI researcher&#39;s theory of how the brain works — and how to reverse-engineer it.,How to Create a Mind,19,WebSite|Book|ListItem|BreadcrumbList,True,False,False,False,False,https://frqncy.network/og-image.png,9,4,2026-04-24,2026-04-29
books,books/how-to-have-confidence-and-power/,https://frqncy.network/books/how-to-have-confidence-and-power/,How to Have Confidence and Power — FRQNCY Network,The classic guide to building genuine confidence and influence in all your dealings with people.,How to Have Confidence and Power,17,WebSite|Book|ListItem|BreadcrumbList,True,False,False,False,False,https://frqncy.network/og-image.png,9,4,2026-04-24,2026-04-29
books,books/how-to-win-friends-and-influence-people/,https://frqncy.network/books/how-to-win-friends-and-influence-people/,How to Win Friends and Influence People — FRQNCY Network,"The founding text of interpersonal intelligence — 30 million copies sold, still the most useful book on human relations ever written.",How to Win Friends and Influence People,17,WebSite|Book|ListItem|BreadcrumbList,True,False,False,False,False,https://frqncy.network/og-image.png,10,4,2026-04-24,2026-04-29
books,books/human-design-understanding-the-mechanics-of-your-inner-universe/,https://frqncy.network/books/human-design-understanding-the-mechanics-of-your-inner-universe/,Human Design — Understanding the Mechanics of Your Inner Universe — FRQNCY Network,"The most accessible entry point into Human Design. Parkyn writes for beginners with warmth and clarity — covers Types, Centers, and practical application w",Human Design — Understanding the Mechanics of Your Inner Universe,17,WebSite|Book|ListItem|BreadcrumbList,True,False,False,False,False,https://frqncy.network/og-image.png,9,4,2026-04-24,2026-04-29
books,books/i-am-that/,https://frqncy.network/books/i-am-that/,I Am That — FRQNCY Network,Conversations with a Mumbai shopkeeper who happened to be fully awakened. One of the most radical spiritual texts.,I Am That,17,WebSite|Book|ListItem|BreadcrumbList,True,False,False,False,False,https://frqncy.network/og-image.png,9,4,2026-04-24,2026-04-29
books,books/i-am-the-word/,https://frqncy.network/books/i-am-the-word/,I Am the Word — FRQNCY Network,The first in Selig&#39;s extraordinary channeled series — transmissions from a team of guides on claiming your divine identity. Read the series in order.,I Am the Word,13,WebSite|Book|ListItem|BreadcrumbList,True,False,False,False,False,https://frqncy.network/og-image.png,10,4,2026-04-24,2026-04-29
books,books/ikigai/,https://frqncy.network/books/ikigai/,Ikigai — FRQNCY Network,"The Japanese concept of a life worth living — finding the intersection of what you love, what you&#39;re good at, and what the world needs.",Ikigai,20,WebSite|Book|ListItem|BreadcrumbList,True,False,False,False,False,https://frqncy.network/og-image.png,9,4,2026-04-24,2026-04-29
books,books/immortal-man/,https://frqncy.network/books/immortal-man/,Immortal Man — FRQNCY Network,"Posthumous compilation of Neville&#39;s late lectures, edited by Margaret Ruth Broome. The teaching in his own spoken voice, less filtered than the books.",Immortal Man,16,WebSite|Book|ListItem|BreadcrumbList,True,False,False,False,False,https://frqncy.network/og-image.png,10,4,2026-04-25,2026-04-29
books,books/in-praise-of-idleness/,https://frqncy.network/books/in-praise-of-idleness/,In Praise of Idleness — FRQNCY Network,"A philosopher&#39;s defence of leisure, rest, and the right to do nothing. Radical in 1932, more radical now.",In Praise of Idleness,25,WebSite|Book|ListItem|BreadcrumbList,True,False,False,False,False,https://frqncy.network/og-image.png,9,4,2026-04-24,2026-04-29
books,books/in-tune-with-the-infinite/,https://frqncy.network/books/in-tune-with-the-infinite/,In Tune with the Infinite — FRQNCY Network,The 1897 New Thought classic on aligning with the infinite supply of the universe — one of the best-selling spiritual books of its era.,In Tune with the Infinite,16,WebSite|Book|ListItem|BreadcrumbList,True,False,False,False,False,https://frqncy.network/og-image.png,9,4,2026-04-24,2026-04-29
books,books/inside-jokes/,https://frqncy.network/books/inside-jokes/,Inside Jokes — FRQNCY Network,Why things are funny — a cognitive science account of humour. Rigorous and actually amusing.,Inside Jokes,20,WebSite|Book|ListItem|BreadcrumbList,True,False,False,False,False,https://frqncy.network/og-image.png,9,4,2026-04-24,2026-04-29
books,books/introduction-to-kashmir-shaivism/,https://frqncy.network/books/introduction-to-kashmir-shaivism/,Introduction to Kashmir Shaivism — FRQNCY Network,The philosophical foundation of Siddha Yoga — the non-dual philosophy of Shiva consciousness that underpins the entire tradition.,Introduction to Kashmir Shaivism,18,WebSite|Book|ListItem|BreadcrumbList,True,False,False,False,False,https://frqncy.network/og-image.png,9,4,2026-04-24,2026-04-29
books,books/it-works/,https://frqncy.network/books/it-works/,It Works! — FRQNCY Network,The famous little red book — three simple steps to making your dreams come true. 60 pages. Wildly effective.,It Works!,16,WebSite|Book|ListItem|BreadcrumbList,True,False,False,False,False,https://frqncy.network/og-image.png,9,4,2026-04-24,2026-04-29
books,books/jonathan-livingston-seagull/,https://frqncy.network/books/jonathan-livingston-seagull/,Jonathan Livingston Seagull — FRQNCY Network,The beloved fable of a seagull who dares to pursue perfection over convention — a parable of spiritual aspiration and self-belief.,Jonathan Livingston Seagull,17,WebSite|Book|ListItem|BreadcrumbList,True,False,False,False,False,https://frqncy.network/og-image.png,9,4,2026-04-24,2026-04-29
books,books/karmic-management/,https://frqncy.network/books/karmic-management/,Karmic Management — FRQNCY Network,Ancient Tibetan business wisdom — how the seeds you plant in others&#39; minds determine every outcome in your own life.,Karmic Management,17,WebSite|Book|ListItem|BreadcrumbList,True,False,False,False,False,https://frqncy.network/og-image.png,10,4,2026-04-24,2026-04-29
books,books/let-my-people-go-surfing/,https://frqncy.network/books/let-my-people-go-surfing/,Let My People Go Surfing — FRQNCY Network,The philosophy behind Patagonia. The blueprint for building a company with genuine values.,Let My People Go Surfing,21,WebSite|Book|ListItem|BreadcrumbList,True,False,False,False,False,https://frqncy.network/og-image.png,9,4,2026-04-24,2026-04-29
books,books/letting-go/,https://frqncy.network/books/letting-go/,Letting Go — FRQNCY Network,The mechanism of surrender — releasing the emotional energy behind every problem. The most powerful inner technology Dr. Hawkins ever taught.,Letting Go,16,WebSite|Book|ListItem|BreadcrumbList,True,False,False,False,False,https://frqncy.network/og-image.png,10,4,2026-04-24,2026-04-29
books,books/life-after-life/,https://frqncy.network/books/life-after-life/,Life After Life — FRQNCY Network,The 1975 book that created the field — Moody&#39;s collection of NDE accounts that gave the modern world its first systematic look at what happens when we die.,Life After Life,17,WebSite|Book|ListItem|BreadcrumbList,True,False,False,False,False,https://frqncy.network/og-image.png,9,4,2026-04-24,2026-04-29
books,books/light-on-yoga/,https://frqncy.network/books/light-on-yoga/,Light on Yoga — FRQNCY Network,"The definitive guide to yoga asana. Every posture, described and photographed by the master.",Light on Yoga,19,WebSite|Book|ListItem|BreadcrumbList,True,False,False,False,False,https://frqncy.network/og-image.png,9,4,2026-04-24,2026-04-29
books,books/limitless-mind/,https://frqncy.network/books/limitless-mind/,Limitless Mind — FRQNCY Network,The Stanford Research Institute physicist who co-founded the US government&#39;s remote viewing programme explains the science of non-local consciousness.,Limitless Mind,15,WebSite|Book|ListItem|BreadcrumbList,True,False,False,False,False,https://frqncy.network/og-image.png,9,4,2026-04-24,2026-04-29
books,books/living-architecture/,https://frqncy.network/books/living-architecture/,Living Architecture — FRQNCY Network,How the principles of sacred proportion manifest in ancient and modern buildings.,Living Architecture,17,WebSite|Book|ListItem|BreadcrumbList,True,False,False,False,False,https://frqncy.network/og-image.png,9,4,2026-04-24,2026-04-29
books,books/lost-connections/,https://frqncy.network/books/lost-connections/,Lost Connections — FRQNCY Network,Why depression and anxiety really happen — and the nine real solutions. A challenge to pharmaceutical orthodoxy.,Lost Connections,19,WebSite|Book|ListItem|BreadcrumbList,True,False,False,False,False,https://frqncy.network/og-image.png,9,4,2026-04-24,2026-04-29
books,books/mans-search-for-meaning/,https://frqncy.network/books/mans-search-for-meaning/,Man&#39;s Search for Meaning — FRQNCY Network,One of the most important books ever written. Meaning as the root of psychological survival.,Man&#39;s Search for Meaning,21,WebSite|Book|ListItem|BreadcrumbList,True,False,False,False,False,https://frqncy.network/og-image.png,10,4,2026-04-24,2026-04-29
books,books/many-lives-many-masters/,https://frqncy.network/books/many-lives-many-masters/,"Many Lives, Many Masters — FRQNCY Network",A Yale-trained psychiatrist&#39;s account of past-life regression and what it suggests about the soul&#39;s journey.,"Many Lives, Many Masters",16,WebSite|Book|ListItem|BreadcrumbList,True,False,False,False,False,https://frqncy.network/og-image.png,9,4,2026-04-24,2026-04-29
books,books/masters-of-doom/,https://frqncy.network/books/masters-of-doom/,Masters of Doom — FRQNCY Network,The story of id Software and the birth of the first-person shooter. The book that explained gaming culture.,Masters of Doom,18,WebSite|Book|ListItem|BreadcrumbList,True,False,False,False,False,https://frqncy.network/og-image.png,9,4,2026-04-24,2026-04-29
books,books/meditate-happiness-lies-within-you/,https://frqncy.network/books/meditate-happiness-lies-within-you/,Meditate: Happiness Lies Within You — FRQNCY Network,"The Master&#39;s most direct and accessible teaching on meditation — where to look, what to expect, and how to sustain the journey inward.",Meditate: Happiness Lies Within You,18,WebSite|Book|ListItem|BreadcrumbList,True,False,False,False,False,https://frqncy.network/og-image.png,10,4,2026-04-24,2026-04-29
books,books/meditations/,https://frqncy.network/books/meditations/,Meditations — FRQNCY Network,"The Roman emperor&#39;s private journal — Stoic philosophy at its most intimate and enduring. A daily companion for 2,000 years.",Meditations,17,WebSite|Book|ListItem|BreadcrumbList,True,False,False,False,False,https://frqncy.network/og-image.png,9,4,2026-04-24,2026-04-29
books,books/merriam-websters-collegiate-cook/,https://frqncy.network/books/merriam-websters-collegiate-cook/,Merriam-Webster&#39;s Collegiate Cook — FRQNCY Network,The science of cooking explained as engineering. Understanding why recipes work.,Merriam-Webster&#39;s Collegiate Cook,16,WebSite|Book|ListItem|BreadcrumbList,True,False,False,False,False,https://frqncy.network/og-image.png,9,4,2026-04-24,2026-04-29
books,books/mind-trek/,https://frqncy.network/books/mind-trek/,Mind Trek — FRQNCY Network,The memoir of the US Army&#39;s most decorated remote viewer — Stargate Project veteran Joe McMoneagle on what remote viewing can and cannot do.,Mind Trek,18,WebSite|Book|ListItem|BreadcrumbList,True,False,False,False,False,https://frqncy.network/og-image.png,9,4,2026-04-24,2026-04-29
books,books/molecules/,https://frqncy.network/books/molecules/,Molecules — FRQNCY Network,A stunning visual journey through the molecules that make up our world. Chemistry as art.,Molecules,17,WebSite|Book|ListItem|BreadcrumbList,True,False,False,False,False,https://frqncy.network/og-image.png,9,4,2026-04-24,2026-04-29
books,books/more-natural-cures-revealed/,https://frqncy.network/books/more-natural-cures-revealed/,More Natural Cures Revealed — FRQNCY Network,The follow-up to Natural Cures — additional suppressed remedies and health information Trudeau argues the medical establishment actively conceals.,More Natural Cures Revealed,18,WebSite|Book|ListItem|BreadcrumbList,True,False,False,False,False,https://frqncy.network/og-image.png,10,4,2026-04-24,2026-04-29
books,books/my-lord-loves-a-pure-heart/,https://frqncy.network/books/my-lord-loves-a-pure-heart/,My Lord Loves a Pure Heart — FRQNCY Network,"The yoga of divine virtues — courage, contentment, and compassion as spiritual practices in the Siddha tradition.",My Lord Loves a Pure Heart,18,WebSite|Book|ListItem|BreadcrumbList,True,False,False,False,False,https://frqncy.network/og-image.png,10,4,2026-04-24,2026-04-29
books,books/natural-cures-they-dont-want-you-to-know-about/,https://frqncy.network/books/natural-cures-they-dont-want-you-to-know-about/,Natural Cures They Don&#39;t Want You to Know About — FRQNCY Network,The controversial bestseller on suppressed natural health remedies — a polarising but widely read entry point into questioning conventional medicine.,Natural Cures They Don&#39;t Want You to Know About,18,WebSite|Book|ListItem|BreadcrumbList,True,False,False,False,False,https://frqncy.network/og-image.png,10,4,2026-04-24,2026-04-29
books,books/never-split-the-difference/,https://frqncy.network/books/never-split-the-difference/,Never Split the Difference — FRQNCY Network,FBI hostage negotiation tactics applied to everyday negotiations — empathy and emotional intelligence as the ultimate leverage.,Never Split the Difference,17,WebSite|Book|ListItem|BreadcrumbList,True,False,False,False,False,https://frqncy.network/og-image.png,9,4,2026-04-24,2026-04-29
books,books/neville-goddard-the-complete-reader/,https://frqncy.network/books/neville-goddard-the-complete-reader/,Neville Goddard: The Complete Reader — FRQNCY Network,"The most direct and radical manifestation teacher of the 20th century — imagination as the only reality, desire as prayer.",Neville Goddard: The Complete Reader,16,WebSite|Book|ListItem|BreadcrumbList,True,False,False,False,False,https://frqncy.network/og-image.png,10,4,2026-04-24,2026-04-29
books,books/no-impact-man/,https://frqncy.network/books/no-impact-man/,No Impact Man — FRQNCY Network,"One man&#39;s year of living without environmental impact in New York City. Funny, honest, and instructive.",No Impact Man,16,WebSite|Book|ListItem|BreadcrumbList,True,False,False,False,False,https://frqncy.network/og-image.png,9,4,2026-04-24,2026-04-29
books,books/noma-guide-to-fermentation/,https://frqncy.network/books/noma-guide-to-fermentation/,Noma Guide to Fermentation — FRQNCY Network,"The world&#39;s best restaurant shares its fermentation techniques. Demanding, beautiful, and extraordinary.",Noma Guide to Fermentation,16,WebSite|Book|ListItem|BreadcrumbList,True,False,False,False,False,https://frqncy.network/og-image.png,9,4,2026-04-24,2026-04-29
books,books/nonviolent-communication/,https://frqncy.network/books/nonviolent-communication/,Nonviolent Communication — FRQNCY Network,"The complete framework for compassionate connection — observation, feeling, need, request. Learning to speak from needs rather than judgements. Simple, pro",Nonviolent Communication,36,WebSite|Book|ListItem|BreadcrumbList,True,False,False,False,False,https://frqncy.network/og-image.png,11,4,2026-04-24,2026-04-29
books,books/omnivores-dilemma/,https://frqncy.network/books/omnivores-dilemma/,Omnivore&#39;s Dilemma — FRQNCY Network,"Four meals, traced from field to plate. The book that made a generation think about where food comes from.",Omnivore&#39;s Dilemma,21,WebSite|Book|ListItem|BreadcrumbList,True,False,False,False,False,https://frqncy.network/og-image.png,10,4,2026-04-24,2026-04-29
books,books/on-dialogue/,https://frqncy.network/books/on-dialogue/,On Dialogue — FRQNCY Network,The physicist David Bohm on creating conditions for genuine collective thinking through suspension of assumption. Foundational for facilitation and dialogu,On Dialogue,34,WebSite|Book|ListItem|BreadcrumbList,True,False,False,False,False,https://frqncy.network/og-image.png,10,4,2026-04-24,2026-04-29
books,books/on-photography/,https://frqncy.network/books/on-photography/,On Photography — FRQNCY Network,"A philosophical inquiry into what photographs do to us — how they shape memory, morality, and beauty.",On Photography,18,WebSite|Book|ListItem|BreadcrumbList,True,False,False,False,False,https://frqncy.network/og-image.png,9,4,2026-04-24,2026-04-29
books,books/opening-doors-within/,https://frqncy.network/books/opening-doors-within/,Opening Doors Within — FRQNCY Network,Daily guidance channeled by one of the founders of Findhorn — a year of transmissions on listening to inner wisdom.,Opening Doors Within,16,WebSite|Book|ListItem|BreadcrumbList,True,False,False,False,False,https://frqncy.network/og-image.png,9,4,2026-04-24,2026-04-29
books,books/out-of-this-world/,https://frqncy.network/books/out-of-this-world/,Out of This World — FRQNCY Network,"Subtitled Thinking Fourth-Dimensionally. The book where Neville lays out his model of time, parallel states, and the mechanics of revising the past.",Out of This World,16,WebSite|Book|ListItem|BreadcrumbList,True,False,False,False,False,https://frqncy.network/og-image.png,10,4,2026-04-25,2026-04-29
books,books/pale-blue-dot/,https://frqncy.network/books/pale-blue-dot/,Pale Blue Dot — FRQNCY Network,A vision of the human future in space. The famous passage about Earth as a mote of dust is worth everything.,Pale Blue Dot,21,WebSite|Book|ListItem|BreadcrumbList,True,False,False,False,False,https://frqncy.network/og-image.png,10,4,2026-04-24,2026-04-29
books,books/passport-to-magonia/,https://frqncy.network/books/passport-to-magonia/,Passport to Magonia — FRQNCY Network,The scientific case for a non-physical or interdimensional origin of UFO phenomena — Vallée&#39;s classic reframe of the question.,Passport to Magonia,16,WebSite|Book|ListItem|BreadcrumbList,True,False,False,False,False,https://frqncy.network/og-image.png,9,4,2026-04-24,2026-04-29
books,books/patagonia/,https://frqncy.network/books/patagonia/,Patagonia — FRQNCY Network,How Patagonia reimagined business — a blueprint for fashion that doesn&#39;t destroy the planet.,Patagonia,19,WebSite|Book|ListItem|BreadcrumbList,True,False,False,False,False,https://frqncy.network/og-image.png,9,4,2026-04-24,2026-04-29
books,books/permaculture-a-designers-manual/,https://frqncy.network/books/permaculture-a-designers-manual/,Permaculture: A Designers&#39; Manual — FRQNCY Network,"The original, comprehensive permaculture bible. Everything you need to design a regenerative system.",Permaculture: A Designers&#39; Manual,18,WebSite|Book|ListItem|BreadcrumbList,True,False,False,False,False,https://frqncy.network/og-image.png,9,4,2026-04-24,2026-04-29
books,books/plants-of-the-gods/,https://frqncy.network/books/plants-of-the-gods/,Plants of the Gods — FRQNCY Network,The classic ethnobotanical guide to psychoactive plants used in ritual and healing worldwide.,Plants of the Gods,20,WebSite|Book|ListItem|BreadcrumbList,True,False,False,False,False,https://frqncy.network/og-image.png,9,4,2026-04-24,2026-04-29
books,books/play-of-consciousness/,https://frqncy.network/books/play-of-consciousness/,Play of Consciousness — FRQNCY Network,Muktananda&#39;s spiritual autobiography — the direct account of his 9-year journey through the inner worlds following shaktipat initiation by Bhagawan Nityana,Play of Consciousness,21,WebSite|Book|ListItem|BreadcrumbList,True,False,False,False,False,https://frqncy.network/og-image.png,10,4,2026-04-24,2026-04-29
books,books/play/,https://frqncy.network/books/play/,Play — FRQNCY Network,"A psychiatrist&#39;s scientific case for play as essential to human health and creativity throughout life. Why play is not frivolous — at every age, for health",Play,41,WebSite|Book|ListItem|BreadcrumbList,True,False,False,False,False,https://frqncy.network/og-image.png,10,4,2026-04-24,2026-04-29
books,books/power-vs-force/,https://frqncy.network/books/power-vs-force/,Power vs. Force — FRQNCY Network,The map of human consciousness — kinesiology research revealing that love and truth calibrate exponentially higher than fear and force.,Power vs. Force,34,WebSite|Book|ListItem|BreadcrumbList,True,False,False,False,False,https://frqncy.network/og-image.png,11,4,2026-04-24,2026-04-29
books,books/prayer-the-art-of-believing/,https://frqncy.network/books/prayer-the-art-of-believing/,Prayer: The Art of Believing — FRQNCY Network,Reframes prayer not as petition but as the disciplined occupation of a state — to enter the feeling of having received and remain there until conviction ta,Prayer: The Art of Believing,16,WebSite|Book|ListItem|BreadcrumbList,True,False,False,False,False,https://frqncy.network/og-image.png,10,4,2026-04-25,2026-04-29
books,books/proof-of-heaven/,https://frqncy.network/books/proof-of-heaven/,Proof of Heaven — FRQNCY Network,"The Harvard neurosurgeon who experienced a vivid near-death journey while his cortex was completely inactive. Rigorous, personal, and transformative proof",Proof of Heaven,36,WebSite|Book|ListItem|BreadcrumbList,True,False,False,False,False,https://frqncy.network/og-image.png,10,4,2026-04-24,2026-04-29
books,books/prosperity/,https://frqncy.network/books/prosperity/,Prosperity — FRQNCY Network,"The Unity co-founder on omnipresent, omnipotent, omniscient supply — prosperity as a spiritual truth, not just a financial goal.",Prosperity,17,WebSite|Book|ListItem|BreadcrumbList,True,False,False,False,False,https://frqncy.network/og-image.png,9,4,2026-04-24,2026-04-29
books,books/psychiatry-the-ultimate-betrayal/,https://frqncy.network/books/psychiatry-the-ultimate-betrayal/,"Psychiatry, the Ultimate Betrayal — FRQNCY Network",A critical investigation into the history and practices of psychiatry — from a Citizens Commission on Human Rights perspective.,"Psychiatry, the Ultimate Betrayal",18,WebSite|Book|ListItem|BreadcrumbList,True,False,False,False,False,https://frqncy.network/og-image.png,9,4,2026-04-24,2026-04-29
books,books/psycho-cybernetics/,https://frqncy.network/books/psycho-cybernetics/,Psycho-Cybernetics — FRQNCY Network,The 1960 plastic surgeon&#39;s discovery that changing inner self-image transformed lives more than changing faces — the original self-image psychology and the,Psycho-Cybernetics,33,WebSite|Book|ListItem|BreadcrumbList,True,False,False,False,False,https://frqncy.network/og-image.png,10,4,2026-04-24,2026-04-29
books,books/quantum-computing-an-applied-approach/,https://frqncy.network/books/quantum-computing-an-applied-approach/,Quantum Computing: An Applied Approach — FRQNCY Network,"A practical, code-first introduction to quantum algorithms. Less physics, more engineering.",Quantum Computing: An Applied Approach,16,WebSite|Book|ListItem|BreadcrumbList,True,False,False,False,False,https://frqncy.network/og-image.png,9,4,2026-04-24,2026-04-29
books,books/reality-is-broken/,https://frqncy.network/books/reality-is-broken/,Reality Is Broken — FRQNCY Network,Why games are making us better and how they can change the world. The case for games as serious culture.,Reality Is Broken,23,WebSite|Book|ListItem|BreadcrumbList,True,False,False,False,False,https://frqncy.network/og-image.png,9,4,2026-04-24,2026-04-29
books,books/reality-media/,https://frqncy.network/books/reality-media/,Reality Media — FRQNCY Network,A scholarly but accessible look at how AR and VR are reshaping representation and experience.,Reality Media,18,WebSite|Book|ListItem|BreadcrumbList,True,False,False,False,False,https://frqncy.network/og-image.png,9,4,2026-04-24,2026-04-29
books,books/reinventing-organizations/,https://frqncy.network/books/reinventing-organizations/,Reinventing Organizations — FRQNCY Network,A new paradigm for organizing human enterprise — from pyramids to living systems. Genuinely transformative.,Reinventing Organizations,22,WebSite|Book|ListItem|BreadcrumbList,True,False,False,False,False,https://frqncy.network/og-image.png,9,4,2026-04-24,2026-04-29
books,books/rest/,https://frqncy.network/books/rest/,Rest — FRQNCY Network,The science of rest and why the best thinkers in history worked far less than we think.,Rest,22,WebSite|Book|ListItem|BreadcrumbList,True,False,False,False,False,https://frqncy.network/og-image.png,9,4,2026-04-24,2026-04-29
books,books/resurrection-neville/,https://frqncy.network/books/resurrection-neville/,Resurrection — FRQNCY Network,Neville&#39;s final book. Combines four texts including The Promise — the account of the four mystical experiences he claimed every person eventually undergoes,Resurrection,16,WebSite|Book|ListItem|BreadcrumbList,True,False,False,False,False,https://frqncy.network/og-image.png,10,4,2026-04-25,2026-04-29
books,books/rich-dad-poor-dad/,https://frqncy.network/books/rich-dad-poor-dad/,Rich Dad Poor Dad — FRQNCY Network,"The financial education the school system never gave you — assets vs liabilities, and why the rich don&#39;t work for money.",Rich Dad Poor Dad,17,WebSite|Book|ListItem|BreadcrumbList,True,False,False,False,False,https://frqncy.network/og-image.png,9,4,2026-04-24,2026-04-29
books,books/richard-hittlemans-yoga-28-day-exercise-plan/,https://frqncy.network/books/richard-hittlemans-yoga-28-day-exercise-plan/,Richard Hittleman&#39;s Yoga: 28 Day Exercise Plan — FRQNCY Network,"The bestselling yoga book that brought hatha yoga into Western living rooms — gentle, progressive, and beautifully illustrated.",Richard Hittleman&#39;s Yoga: 28 Day Exercise Plan,19,WebSite|Book|ListItem|BreadcrumbList,True,False,False,False,False,https://frqncy.network/og-image.png,9,4,2026-04-24,2026-04-29
books,books/sacred-geometry/,https://frqncy.network/books/sacred-geometry/,Sacred Geometry — FRQNCY Network,The essential introduction to the mathematics of beauty and proportion that underlies all living forms.,Sacred Geometry,20,WebSite|Book|ListItem|BreadcrumbList,True,False,False,False,False,https://frqncy.network/og-image.png,9,4,2026-04-24,2026-04-29
books,books/salt-fat-acid-heat/,https://frqncy.network/books/salt-fat-acid-heat/,"Salt, Fat, Acid, Heat — FRQNCY Network","The four elements of good cooking. Once you understand them, every dish improves instantly.","Salt, Fat, Acid, Heat",19,WebSite|Book|ListItem|BreadcrumbList,True,False,False,False,False,https://frqncy.network/og-image.png,9,4,2026-04-24,2026-04-29
books,books/see-you-at-the-top/,https://frqncy.network/books/see-you-at-the-top/,See You at The Top — FRQNCY Network,"Ziglar&#39;s foundational work on attitude, relationships, goals, and the character qualities that produce lasting success.",See You at The Top,17,WebSite|Book|ListItem|BreadcrumbList,True,False,False,False,False,https://frqncy.network/og-image.png,9,4,2026-04-24,2026-04-29
books,books/seedtime-and-harvest/,https://frqncy.network/books/seedtime-and-harvest/,Seedtime and Harvest — FRQNCY Network,Twelve essays on the parables and the law of cause and effect read as inner work. The seed is the assumption; the harvest is what it becomes.,Seedtime and Harvest,16,WebSite|Book|ListItem|BreadcrumbList,True,False,False,False,False,https://frqncy.network/og-image.png,10,4,2026-04-25,2026-04-29
books,books/seven-brief-lessons-on-physics/,https://frqncy.network/books/seven-brief-lessons-on-physics/,Seven Brief Lessons on Physics — FRQNCY Network,The most beautiful introduction to modern physics ever written. 79 pages. Read it in an afternoon.,Seven Brief Lessons on Physics,16,WebSite|Book|ListItem|BreadcrumbList,True,False,False,False,False,https://frqncy.network/og-image.png,10,4,2026-04-24,2026-04-29
books,books/something-deeply-hidden/,https://frqncy.network/books/something-deeply-hidden/,Something Deeply Hidden — FRQNCY Network,A leading physicist makes the case for Many Worlds — and explains what quantum mechanics actually says about reality.,Something Deeply Hidden,19,WebSite|Book|ListItem|BreadcrumbList,True,False,False,False,False,https://frqncy.network/og-image.png,10,4,2026-04-24,2026-04-29
books,books/sprint/,https://frqncy.network/books/sprint/,Sprint — FRQNCY Network,Google Ventures&#39; 5-day method for testing ideas with a prototype before spending months building.,Sprint,21,WebSite|Book|ListItem|BreadcrumbList,True,False,False,False,False,https://frqncy.network/og-image.png,9,4,2026-04-24,2026-04-29
books,books/starseeds-contact/,https://frqncy.network/books/starseeds-contact/,Starseeds-Contact — FRQNCY Network,"Supernatural phenomena, portals to higher dimensions, and the galactic origin of Starseed souls — Fischer&#39;s most direct investigation into extraterrestrial",Starseeds-Contact,16,WebSite|Book|ListItem|BreadcrumbList,True,False,False,False,False,https://frqncy.network/og-image.png,10,4,2026-04-24,2026-04-29
books,books/starseeds/,https://frqncy.network/books/starseeds/,Starseeds — FRQNCY Network,The SPIEGEL bestseller that introduced German-speaking audiences to Starseed consciousness — channeled messages from galactic intelligences on why we are h,Starseeds,13,WebSite|Book|ListItem|BreadcrumbList,True,False,False,False,False,https://frqncy.network/og-image.png,10,4,2026-04-24,2026-04-29
books,books/story/,https://frqncy.network/books/story/,Story — FRQNCY Network,"The definitive guide to narrative structure used by filmmakers, novelists, and screenwriters worldwide.",Story,19,WebSite|Book|ListItem|BreadcrumbList,True,False,False,False,False,https://frqncy.network/og-image.png,9,4,2026-04-24,2026-04-29
books,books/strength-in-stillness/,https://frqncy.network/books/strength-in-stillness/,Strength in Stillness — FRQNCY Network,"The most accessible introduction to Transcendental Meditation — what TM is, what it does, and why CEOs, athletes, and artists swear by it.",Strength in Stillness,17,WebSite|Book|ListItem|BreadcrumbList,True,False,False,False,False,https://frqncy.network/og-image.png,9,4,2026-04-24,2026-04-29
books,books/strengthsfinder-20/,https://frqncy.network/books/strengthsfinder-20/,StrengthsFinder 2.0 — FRQNCY Network,Build on your natural talents rather than fixing weaknesses — the Gallup strengths framework used by millions.,StrengthsFinder 2.0,17,WebSite|Book|ListItem|BreadcrumbList,True,False,False,False,False,https://frqncy.network/og-image.png,9,4,2026-04-24,2026-04-29
books,books/success-is-for-you/,https://frqncy.network/books/success-is-for-you/,Success Is For You — FRQNCY Network,The consciousness researcher&#39;s guide to creating success through inner alignment — calibrating the energy of your desires.,Success Is For You,17,WebSite|Book|ListItem|BreadcrumbList,True,False,False,False,False,https://frqncy.network/og-image.png,10,4,2026-04-24,2026-04-29
books,books/success-through-a-positive-mental-attitude/,https://frqncy.network/books/success-through-a-positive-mental-attitude/,Success Through A Positive Mental Attitude — FRQNCY Network,The PMA principles — how a positive mental attitude is the single most important success factor and how to cultivate it.,Success Through A Positive Mental Attitude,17,WebSite|Book|ListItem|BreadcrumbList,True,False,False,False,False,https://frqncy.network/og-image.png,9,4,2026-04-24,2026-04-29
books,books/super-rich/,https://frqncy.network/books/super-rich/,Super Rich — FRQNCY Network,"The Def Jam founder on the meditation, giving, and spiritual principles that created his wealth — and his peace.",Super Rich,17,WebSite|Book|ListItem|BreadcrumbList,True,False,False,False,False,https://frqncy.network/og-image.png,9,4,2026-04-24,2026-04-29
books,books/synchronicity/,https://frqncy.network/books/synchronicity/,Synchronicity — FRQNCY Network,"Jung&#39;s original treatise on meaningful coincidence. Dense, rich, and foundational.",Synchronicity,17,WebSite|Book|ListItem|BreadcrumbList,True,False,False,False,False,https://frqncy.network/og-image.png,9,4,2026-04-24,2026-04-29
books,books/talk-like-ted/,https://frqncy.network/books/talk-like-ted/,Talk Like TED — FRQNCY Network,"The nine secrets of the world&#39;s greatest communicators, reverse-engineered from thousands of TED talks.",Talk Like TED,19,WebSite|Book|ListItem|BreadcrumbList,True,False,False,False,False,https://frqncy.network/og-image.png,9,4,2026-04-24,2026-04-29
books,books/tao-te-ching/,https://frqncy.network/books/tao-te-ching/,Tao Te Ching — FRQNCY Network,"81 short verses written 2,500 years ago that say more about the nature of existence than most libraries. Read it slowly.",Tao Te Ching,37,WebSite|Book|ListItem|BreadcrumbList,True,False,False,False,False,https://frqncy.network/og-image.png,11,4,2026-04-24,2026-04-29
books,books/ten-arguments-for-deleting-your-social-media-accounts/,https://frqncy.network/books/ten-arguments-for-deleting-your-social-media-accounts/,Ten Arguments for Deleting Your Social Media Accounts — FRQNCY Network,The most personal and persuasive case for leaving the attention economy. From a tech insider.,Ten Arguments for Deleting Your Social Media Accounts,21,WebSite|Book|ListItem|BreadcrumbList,True,False,False,False,False,https://frqncy.network/og-image.png,9,4,2026-04-24,2026-04-29
books,books/the-4-hour-workweek/,https://frqncy.network/books/the-4-hour-workweek/,The 4-Hour Workweek — FRQNCY Network,"Escape the 9-5, live anywhere, and join the new rich — Ferriss&#39;s blueprint for lifestyle design over conventional career.",The 4-Hour Workweek,17,WebSite|Book|ListItem|BreadcrumbList,True,False,False,False,False,https://frqncy.network/og-image.png,9,4,2026-04-24,2026-04-29
books,books/the-7-habits-of-highly-effective-people/,https://frqncy.network/books/the-7-habits-of-highly-effective-people/,The 7 Habits of Highly Effective People — FRQNCY Network,"Character-based effectiveness — the framework of proactivity, purpose, and interdependence that has shaped a generation of leaders.",The 7 Habits of Highly Effective People,17,WebSite|Book|ListItem|BreadcrumbList,True,False,False,False,False,https://frqncy.network/og-image.png,9,4,2026-04-24,2026-04-29
books,books/the-akashic-experience/,https://frqncy.network/books/the-akashic-experience/,The Akashic Experience — FRQNCY Network,"Scientists, artists, and mystics report their direct experiences of the Akashic field.",The Akashic Experience,18,WebSite|Book|ListItem|BreadcrumbList,True,False,False,False,False,https://frqncy.network/og-image.png,9,4,2026-04-24,2026-04-29
books,books/the-alchemist/,https://frqncy.network/books/the-alchemist/,The Alchemist — FRQNCY Network,The beloved fable of Santiago&#39;s journey to the Pyramids — on following your Personal Legend no matter what the world says.,The Alchemist,16,WebSite|Book|ListItem|BreadcrumbList,True,False,False,False,False,https://frqncy.network/og-image.png,9,4,2026-04-24,2026-04-29
books,books/the-ancient-secret-of-the-flower-of-life/,https://frqncy.network/books/the-ancient-secret-of-the-flower-of-life/,The Ancient Secret of the Flower of Life — FRQNCY Network,The most comprehensive exploration of the Merkaba field and sacred geometry as a living system.,The Ancient Secret of the Flower of Life,20,WebSite|Book|ListItem|BreadcrumbList,True,False,False,False,False,https://frqncy.network/og-image.png,9,4,2026-04-24,2026-04-29
books,books/the-architecture-of-happiness/,https://frqncy.network/books/the-architecture-of-happiness/,The Architecture of Happiness — FRQNCY Network,Why buildings matter. How the spaces we inhabit shape who we become.,The Architecture of Happiness,21,WebSite|Book|ListItem|BreadcrumbList,True,False,False,False,False,https://frqncy.network/og-image.png,9,4,2026-04-24,2026-04-29
books,books/the-art-of-fermentation/,https://frqncy.network/books/the-art-of-fermentation/,The Art of Fermentation — FRQNCY Network,The definitive guide to fermented foods and drinks from around the world. Comprehensive and joyful.,The Art of Fermentation,19,WebSite|Book|ListItem|BreadcrumbList,True,False,False,False,False,https://frqncy.network/og-image.png,9,4,2026-04-24,2026-04-29
books,books/the-art-of-gathering/,https://frqncy.network/books/the-art-of-gathering/,The Art of Gathering — FRQNCY Network,"Why most gatherings fail and how to design ones that matter. Practical, human, and profound.",The Art of Gathering,17,WebSite|Book|ListItem|BreadcrumbList,True,False,False,False,False,https://frqncy.network/og-image.png,9,4,2026-04-24,2026-04-29
books,books/the-art-of-invisibility/,https://frqncy.network/books/the-art-of-invisibility/,The Art of Invisibility — FRQNCY Network,The world&#39;s most famous hacker teaches you how to protect your privacy in the surveillance age.,The Art of Invisibility,16,WebSite|Book|ListItem|BreadcrumbList,True,False,False,False,False,https://frqncy.network/og-image.png,9,4,2026-04-24,2026-04-29
books,books/the-art-of-money-getting/,https://frqncy.network/books/the-art-of-money-getting/,The Art of Money Getting — FRQNCY Network,"P.T. Barnum&#39;s 1880 lecture turned book on the practical mechanics of wealth — twenty rules covering frugality, choosing the right vocation, the value of pe",The Art of Money Getting,32,WebSite|Book|ListItem|BreadcrumbList,True,False,False,False,False,https://frqncy.network/og-image.png,11,4,2026-04-24,2026-04-29
books,books/the-art-of-possibility/,https://frqncy.network/books/the-art-of-possibility/,The Art of Possibility — FRQNCY Network,"A conductor and a therapist on creating possibility in collaboration, leadership, and art.",The Art of Possibility,18,WebSite|Book|ListItem|BreadcrumbList,True,False,False,False,False,https://frqncy.network/og-image.png,9,4,2026-04-24,2026-04-29
books,books/the-art-of-public-speaking/,https://frqncy.network/books/the-art-of-public-speaking/,The Art of Public Speaking — FRQNCY Network,"Carnegie&#39;s foundational course on confident, persuasive speaking — the techniques that built his legendary training empire.",The Art of Public Speaking,19,WebSite|Book|ListItem|BreadcrumbList,True,False,False,False,False,https://frqncy.network/og-image.png,10,4,2026-04-24,2026-04-29
books,books/the-art-of-war/,https://frqncy.network/books/the-art-of-war/,The Art of War — FRQNCY Network,"The ancient Chinese strategy classic — still the most quoted text on competition, adaptability, and winning without fighting.",The Art of War,17,WebSite|Book|ListItem|BreadcrumbList,True,False,False,False,False,https://frqncy.network/og-image.png,9,4,2026-04-24,2026-04-29
books,books/the-bible/,https://frqncy.network/books/the-bible/,The Bible — FRQNCY Network,"The most widely read book in human history. Read as the long story of relationship — between people, and between people and the source of life. Both a sacr",The Bible,36,WebSite|Book|ListItem|BreadcrumbList,True,False,False,False,False,https://frqncy.network/og-image.png,10,4,2026-04-25,2026-04-29
books,books/the-biggest-ideas-in-the-universe/,https://frqncy.network/books/the-biggest-ideas-in-the-universe/,The Biggest Ideas in the Universe — FRQNCY Network,Modern physics explained through the actual equations — but made human and accessible.,The Biggest Ideas in the Universe,18,WebSite|Book|ListItem|BreadcrumbList,True,False,False,False,False,https://frqncy.network/og-image.png,10,4,2026-04-24,2026-04-29
books,books/the-biogas-handbook/,https://frqncy.network/books/the-biogas-handbook/,The Biogas Handbook — FRQNCY Network,"Comprehensive technical guide to biogas production, upgrading, and utilisation.",The Biogas Handbook,16,WebSite|Book|ListItem|BreadcrumbList,True,False,False,False,False,https://frqncy.network/og-image.png,9,4,2026-04-24,2026-04-29
books,books/the-bittensor-whitepaper/,https://frqncy.network/books/the-bittensor-whitepaper/,The Bittensor Whitepaper — FRQNCY Network,"Yuma Rao&#39;s original technical paper on decentralised machine learning — how subnets, miners, and validators create a self-organising AI economy.",The Bittensor Whitepaper,16,WebSite|Book|ListItem|BreadcrumbList,True,False,False,False,False,https://frqncy.network/og-image.png,9,4,2026-04-24,2026-04-29
books,books/the-body-keeps-the-score/,https://frqncy.network/books/the-body-keeps-the-score/,The Body Keeps the Score — FRQNCY Network,"The definitive book on trauma — how it reshapes body, brain, and mind, and what actually heals it. The most important book about trauma ever written. Essen",The Body Keeps the Score,33,WebSite|Book|ListItem|BreadcrumbList,True,False,False,False,False,https://frqncy.network/og-image.png,10,4,2026-04-24,2026-04-29
books,books/the-book-of-enoch/,https://frqncy.network/books/the-book-of-enoch/,The Book of Enoch — FRQNCY Network,"Pre-flood text excluded from most modern canons but preserved in the Ethiopian Bible. The clearest extant source on the Watchers, the Nephilim, and what th",The Book of Enoch,49,WebSite|Book|ListItem|BreadcrumbList,True,False,False,False,False,https://frqncy.network/og-image.png,11,4,2026-04-25,2026-04-29
books,books/the-book-of-mastery/,https://frqncy.network/books/the-book-of-mastery/,The Book of Mastery — FRQNCY Network,Volume four of the Selig transmissions — the most advanced teachings on embodying mastery as a lived reality.,The Book of Mastery,13,WebSite|Book|ListItem|BreadcrumbList,True,False,False,False,False,https://frqncy.network/og-image.png,10,4,2026-04-24,2026-04-29
books,books/the-brain-that-changes-itself/,https://frqncy.network/books/the-brain-that-changes-itself/,The Brain That Changes Itself — FRQNCY Network,The book that made neuroplasticity a household word. Stories of real transformation through brain rewiring.,The Brain That Changes Itself,18,WebSite|Book|ListItem|BreadcrumbList,True,False,False,False,False,https://frqncy.network/og-image.png,9,4,2026-04-24,2026-04-29
books,books/the-cathedral-and-the-bazaar/,https://frqncy.network/books/the-cathedral-and-the-bazaar/,The Cathedral and the Bazaar — FRQNCY Network,The essay that explained open source to the world. How decentralised collaboration beats centralised design.,The Cathedral and the Bazaar,21,WebSite|Book|ListItem|BreadcrumbList,True,False,False,False,False,https://frqncy.network/og-image.png,9,4,2026-04-24,2026-04-29
books,books/the-celestine-prophecy/,https://frqncy.network/books/the-celestine-prophecy/,The Celestine Prophecy — FRQNCY Network,A novel that popularised synchronicity as a guide to spiritual growth. Millions read it for a reason.,The Celestine Prophecy,14,WebSite|Book|ListItem|BreadcrumbList,True,False,False,False,False,https://frqncy.network/og-image.png,9,4,2026-04-24,2026-04-29
books,books/the-code-breaker/,https://frqncy.network/books/the-code-breaker/,The Code Breaker — FRQNCY Network,"Jennifer Doudna, CRISPR, and the race to rewrite the code of life. Reads like a thriller.",The Code Breaker,19,WebSite|Book|ListItem|BreadcrumbList,True,False,False,False,False,https://frqncy.network/og-image.png,10,4,2026-04-24,2026-04-29
books,books/the-dawn-of-everything/,https://frqncy.network/books/the-dawn-of-everything/,The Dawn of Everything — FRQNCY Network,"A radical retelling of human history — evidence that societies have always been far more diverse, experimental, and free than we assumed.",The Dawn of Everything,18,WebSite|Book|ListItem|BreadcrumbList,True,False,False,False,False,https://frqncy.network/og-image.png,9,4,2026-04-24,2026-04-29
books,books/the-death-and-life-of-great-american-cities/,https://frqncy.network/books/the-death-and-life-of-great-american-cities/,The Death and Life of Great American Cities — FRQNCY Network,The book that saved cities from urban planners. Still the most important critique of top-down city design.,The Death and Life of Great American Cities,22,WebSite|Book|ListItem|BreadcrumbList,True,False,False,False,False,https://frqncy.network/og-image.png,9,4,2026-04-24,2026-04-29
books,books/the-definitive-book-of-human-design/,https://frqncy.network/books/the-definitive-book-of-human-design/,The Definitive Book of Human Design — FRQNCY Network,"The comprehensive reference text. Covers all Types, Strategies, Authorities, Centers, Gates, Channels, and Profiles in rigorous detail. The book you gradua",The Definitive Book of Human Design,20,WebSite|Book|ListItem|BreadcrumbList,True,False,False,False,False,https://frqncy.network/og-image.png,9,4,2026-04-24,2026-04-29
books,books/the-design-of-everyday-things/,https://frqncy.network/books/the-design-of-everyday-things/,The Design of Everyday Things — FRQNCY Network,"The foundational text of human-centred design — why everyday things fail, and how to make them work for people. Gave designers a language still used today.",The Design of Everyday Things,38,WebSite|Book|ListItem|BreadcrumbList,True,False,False,False,False,https://frqncy.network/og-image.png,10,4,2026-04-24,2026-04-29
books,books/the-diamond-cutter/,https://frqncy.network/books/the-diamond-cutter/,The Diamond Cutter — FRQNCY Network,Ancient Tibetan Buddhist wisdom applied to building a diamond business — the karmic mechanics of sustainable wealth.,The Diamond Cutter,31,WebSite|Book|ListItem|BreadcrumbList,True,False,False,False,False,https://frqncy.network/og-image.png,10,4,2026-04-24,2026-04-29
books,books/the-effective-executive/,https://frqncy.network/books/the-effective-executive/,The Effective Executive — FRQNCY Network,The classic on doing the right things — Drucker&#39;s five practices of effectiveness that separate great executives from busy ones.,The Effective Executive,19,WebSite|Book|ListItem|BreadcrumbList,True,False,False,False,False,https://frqncy.network/og-image.png,10,4,2026-04-24,2026-04-29
books,books/the-elements-of-journalism/,https://frqncy.network/books/the-elements-of-journalism/,The Elements of Journalism — FRQNCY Network,"What journalism is for, and what it must do to fulfil its purpose. The field&#39;s ethical foundation.",The Elements of Journalism,19,WebSite|Book|ListItem|BreadcrumbList,True,False,False,False,False,https://frqncy.network/og-image.png,9,4,2026-04-24,2026-04-29
books,books/the-emerald-tablet/,https://frqncy.network/books/the-emerald-tablet/,The Emerald Tablet — FRQNCY Network,"The oldest known alchemical text. As above, so below. As within, so without.",The Emerald Tablet,16,WebSite|Book|ListItem|BreadcrumbList,True,False,False,False,False,https://frqncy.network/og-image.png,10,4,2026-04-24,2026-04-29
books,books/the-empty-space/,https://frqncy.network/books/the-empty-space/,The Empty Space — FRQNCY Network,The most important book about theatre ever written. 128 pages. Every word counts.,The Empty Space,19,WebSite|Book|ListItem|BreadcrumbList,True,False,False,False,False,https://frqncy.network/og-image.png,9,4,2026-04-24,2026-04-29
books,books/the-essential-drucker/,https://frqncy.network/books/the-essential-drucker/,The Essential Drucker — FRQNCY Network,"The distilled wisdom of the father of modern management — strategy, performance, society, and the purpose of business.",The Essential Drucker,19,WebSite|Book|ListItem|BreadcrumbList,True,False,False,False,False,https://frqncy.network/og-image.png,10,4,2026-04-24,2026-04-29
books,books/the-essential-rumi/,https://frqncy.network/books/the-essential-rumi/,The Essential Rumi — FRQNCY Network,"The translations that brought Rumi to the Western world. Sacred, sensual, and timeless.",The Essential Rumi,18,WebSite|Book|ListItem|BreadcrumbList,True,False,False,False,False,https://frqncy.network/og-image.png,9,4,2026-04-24,2026-04-29
books,books/the-everything-candida-diet-book/,https://frqncy.network/books/the-everything-candida-diet-book/,The Everything Candida Diet Book — FRQNCY Network,"A comprehensive protocol for addressing systemic candida overgrowth — diet, antifungals, and gut restoration.",The Everything Candida Diet Book,18,WebSite|Book|ListItem|BreadcrumbList,True,False,False,False,False,https://frqncy.network/og-image.png,9,4,2026-04-24,2026-04-29
books,books/the-eye-of-the-i/,https://frqncy.network/books/the-eye-of-the-i/,The Eye of the I — FRQNCY Network,From which nothing is hidden — the advanced calibration of spiritual reality and the nature of the absolute.,The Eye of the I,18,WebSite|Book|ListItem|BreadcrumbList,True,False,False,False,False,https://frqncy.network/og-image.png,10,4,2026-04-24,2026-04-29
books,books/the-fabric-of-reality/,https://frqncy.network/books/the-fabric-of-reality/,The Fabric of Reality — FRQNCY Network,"A unified theory of knowledge, computation, and quantum physics. Dense and rewarding.",The Fabric of Reality,19,WebSite|Book|ListItem|BreadcrumbList,True,False,False,False,False,https://frqncy.network/og-image.png,9,4,2026-04-24,2026-04-29
books,books/the-festivalisation-of-society/,https://frqncy.network/books/the-festivalisation-of-society/,The Festivalisation of Society — FRQNCY Network,Academic study of how festivals create temporary communities and what they reveal about human social need.,The Festivalisation of Society,18,WebSite|Book|ListItem|BreadcrumbList,True,False,False,False,False,https://frqncy.network/og-image.png,9,4,2026-04-24,2026-04-29
books,books/the-field/,https://frqncy.network/books/the-field/,The Field — FRQNCY Network,An investigation into the scientific evidence for a connected universe — the zero-point field and beyond.,The Field,18,WebSite|Book|ListItem|BreadcrumbList,True,False,False,False,False,https://frqncy.network/og-image.png,9,4,2026-04-24,2026-04-29
books,books/the-fifth-discipline/,https://frqncy.network/books/the-fifth-discipline/,The Fifth Discipline — FRQNCY Network,How organisations learn and why most of them don&#39;t. Systems thinking applied to human enterprise.,The Fifth Discipline,17,WebSite|Book|ListItem|BreadcrumbList,True,False,False,False,False,https://frqncy.network/og-image.png,9,4,2026-04-24,2026-04-29
books,books/the-game-of-life-and-how-to-play-it/,https://frqncy.network/books/the-game-of-life-and-how-to-play-it/,The Game of Life and How to Play It — FRQNCY Network,"The 1925 spiritual classic on using the spoken word, faith, and imagination to command life&#39;s circumstances.",The Game of Life and How to Play It,16,WebSite|Book|ListItem|BreadcrumbList,True,False,False,False,False,https://frqncy.network/og-image.png,9,4,2026-04-24,2026-04-29
books,books/the-gene-keys/,https://frqncy.network/books/the-gene-keys/,The Gene Keys — FRQNCY Network,"A contemplative evolution of the 64 Gates from Human Design into a poetic, meditative system. Not technically HD, but deeply intertwined — many practitione",The Gene Keys,20,WebSite|Book|ListItem|BreadcrumbList,True,False,False,False,False,https://frqncy.network/og-image.png,9,4,2026-04-24,2026-04-29
books,books/the-gene/,https://frqncy.network/books/the-gene/,The Gene — FRQNCY Network,An intimate history of genetics — from Mendel to CRISPR. The best overview of the field in one book.,The Gene,21,WebSite|Book|ListItem|BreadcrumbList,True,False,False,False,False,https://frqncy.network/og-image.png,9,4,2026-04-24,2026-04-29
books,books/the-go-getter/,https://frqncy.network/books/the-go-getter/,The Go-Getter — FRQNCY Network,The classic 1921 business parable — the spirit that makes men succeed in the face of every obstacle.,The Go-Getter,17,WebSite|Book|ListItem|BreadcrumbList,True,False,False,False,False,https://frqncy.network/og-image.png,9,4,2026-04-24,2026-04-29
books,books/the-go-giver/,https://frqncy.network/books/the-go-giver/,The Go-Giver — FRQNCY Network,A story about the surprising secret of getting more by giving more — the Five Laws of Stratospheric Success.,The Go-Giver,17,WebSite|Book|ListItem|BreadcrumbList,True,False,False,False,False,https://frqncy.network/og-image.png,9,4,2026-04-24,2026-04-29
books,books/the-greatest-salesman-in-the-world/,https://frqncy.network/books/the-greatest-salesman-in-the-world/,The Greatest Salesman in the World — FRQNCY Network,"Ten scrolls for living — not really a sales book at all, but a manual for living with love, persistence, and purpose.",The Greatest Salesman in the World,17,WebSite|Book|ListItem|BreadcrumbList,True,False,False,False,False,https://frqncy.network/og-image.png,9,4,2026-04-24,2026-04-29
books,books/the-grid/,https://frqncy.network/books/the-grid/,The Grid — FRQNCY Network,"The story of America&#39;s electrical grid — fragile, ancient, and the battlefield where the energy transition will be won or lost.",The Grid,18,WebSite|Book|ListItem|BreadcrumbList,True,False,False,False,False,https://frqncy.network/og-image.png,9,4,2026-04-24,2026-04-29
books,books/the-guru-gita/,https://frqncy.network/books/the-guru-gita/,The Guru Gita — FRQNCY Network,The scripture on the relationship between student and teacher — chanted in the Siddha Yoga tradition as a daily morning practice.,The Guru Gita,18,WebSite|Book|ListItem|BreadcrumbList,True,False,False,False,False,https://frqncy.network/og-image.png,9,4,2026-04-24,2026-04-29
books,books/the-healing-power-of-sound/,https://frqncy.network/books/the-healing-power-of-sound/,The Healing Power of Sound — FRQNCY Network,An oncologist&#39;s use of sound therapy and Tibetan singing bowls in cancer treatment.,The Healing Power of Sound,22,WebSite|Book|ListItem|BreadcrumbList,True,False,False,False,False,https://frqncy.network/og-image.png,9,4,2026-04-24,2026-04-29
books,books/the-hidden-life-of-trees/,https://frqncy.network/books/the-hidden-life-of-trees/,The Hidden Life of Trees — FRQNCY Network,"The book that revealed trees communicate, support each other, and form communities — the science of forest intelligence, accessibly told. Changed how milli",The Hidden Life of Trees,38,WebSite|Book|ListItem|BreadcrumbList,True,False,False,False,False,https://frqncy.network/og-image.png,11,4,2026-04-24,2026-04-29
books,books/the-hidden-messages-in-water/,https://frqncy.network/books/the-hidden-messages-in-water/,The Hidden Messages in Water — FRQNCY Network,Emoto&#39;s research on how intention and words affect water crystal formation. Polarising and fascinating.,The Hidden Messages in Water,16,WebSite|Book|ListItem|BreadcrumbList,True,False,False,False,False,https://frqncy.network/og-image.png,10,4,2026-04-24,2026-04-29
books,books/the-holographic-universe/,https://frqncy.network/books/the-holographic-universe/,The Holographic Universe — FRQNCY Network,"The case that reality is a hologram — weaving together quantum physics, neuroscience, and mysticism.",The Holographic Universe,18,WebSite|Book|ListItem|BreadcrumbList,True,False,False,False,False,https://frqncy.network/og-image.png,9,4,2026-04-24,2026-04-29
books,books/the-impact-investor/,https://frqncy.network/books/the-impact-investor/,The Impact Investor — FRQNCY Network,A rigorous look at what impact investing actually achieves — and where it falls short.,The Impact Investor,15,WebSite|Book|ListItem|BreadcrumbList,True,False,False,False,False,https://frqncy.network/og-image.png,9,4,2026-04-24,2026-04-29
books,books/the-infinite-machine/,https://frqncy.network/books/the-infinite-machine/,The Infinite Machine — FRQNCY Network,"The definitive story of Ethereum&#39;s creation — Vitalik Buterin, the early contributors, and how a teenager&#39;s white paper became programmable money. The most",The Infinite Machine,32,WebSite|Book|ListItem|BreadcrumbList,True,False,False,False,False,https://frqncy.network/og-image.png,10,4,2026-04-24,2026-04-29
books,books/the-inner-game-of-tennis/,https://frqncy.network/books/the-inner-game-of-tennis/,The Inner Game of Tennis — FRQNCY Network,Learning and performance through quieting the inner critic. One of the great books on mastery.,The Inner Game of Tennis,18,WebSite|Book|ListItem|BreadcrumbList,True,False,False,False,False,https://frqncy.network/og-image.png,9,4,2026-04-24,2026-04-29
books,books/the-inner-sky/,https://frqncy.network/books/the-inner-sky/,The Inner Sky — FRQNCY Network,The most psychologically sophisticated introduction to astrology. A serious and humane approach to the craft.,The Inner Sky,21,WebSite|Book|ListItem|BreadcrumbList,True,False,False,False,False,https://frqncy.network/og-image.png,9,4,2026-04-24,2026-04-29
books,books/the-inside-track/,https://frqncy.network/books/the-inside-track/,The Inside Track — FRQNCY Network,The self-made entrepreneur and philosopher on the inner game of extraordinary living — practical philosophy for the serious seeker.,The Inside Track,17,WebSite|Book|ListItem|BreadcrumbList,True,False,False,False,False,https://frqncy.network/og-image.png,9,4,2026-04-24,2026-04-29
books,books/the-internet-of-money/,https://frqncy.network/books/the-internet-of-money/,The Internet of Money — FRQNCY Network,"The most articulate case for why Bitcoin matters — not as a speculative asset, but as a political and monetary revolution. Required reading.",The Internet of Money,19,WebSite|Book|ListItem|BreadcrumbList,True,False,False,False,False,https://frqncy.network/og-image.png,10,4,2026-04-24,2026-04-29
books,books/the-kybalion/,https://frqncy.network/books/the-kybalion/,The Kybalion — FRQNCY Network,The seven Hermetic principles underlying all of reality — the foundation of esoteric philosophy. Free online.,The Kybalion,32,WebSite|Book|ListItem|BreadcrumbList,True,False,False,False,False,https://frqncy.network/og-image.png,11,4,2026-04-24,2026-04-29
books,books/the-language-instinct/,https://frqncy.network/books/the-language-instinct/,The Language Instinct — FRQNCY Network,Language as a biological adaptation — how we all come pre-wired to speak. The definitive popular account.,The Language Instinct,22,WebSite|Book|ListItem|BreadcrumbList,True,False,False,False,False,https://frqncy.network/og-image.png,9,4,2026-04-24,2026-04-29
books,books/the-last-child-in-the-woods/,https://frqncy.network/books/the-last-child-in-the-woods/,The Last Child in the Woods — FRQNCY Network,How nature-deficit disorder is affecting children — and what outdoor adventure does for human development.,The Last Child in the Woods,21,WebSite|Book|ListItem|BreadcrumbList,True,False,False,False,False,https://frqncy.network/og-image.png,9,4,2026-04-24,2026-04-29
books,books/the-law-and-the-promise/,https://frqncy.network/books/the-law-and-the-promise/,The Law and the Promise — FRQNCY Network,Sixty-three first-person accounts from his students of imagination tested in daily life. The Law is the technique; the Promise is what comes after — the aw,The Law and the Promise,16,WebSite|Book|ListItem|BreadcrumbList,True,False,False,False,False,https://frqncy.network/og-image.png,10,4,2026-04-25,2026-04-29
books,books/the-law-of-attraction/,https://frqncy.network/books/the-law-of-attraction/,The Law of Attraction — FRQNCY Network,"The foundational Abraham text — teachings on how consciousness creates reality, channeled through Esther Hicks over 30 years.",The Law of Attraction,16,WebSite|Book|ListItem|BreadcrumbList,True,False,False,False,False,https://frqncy.network/og-image.png,10,4,2026-04-24,2026-04-29
books,books/the-law-of-success-in-16-lessons/,https://frqncy.network/books/the-law-of-success-in-16-lessons/,The Law of Success in 16 Lessons — FRQNCY Network,Hill&#39;s complete original 1925/27 masterwork — the unexpurgated foundation from which Think and Grow Rich was distilled.,The Law of Success in 16 Lessons,17,WebSite|Book|ListItem|BreadcrumbList,True,False,False,False,False,https://frqncy.network/og-image.png,10,4,2026-04-24,2026-04-29
books,books/the-life-changing-magic-of-tidying-up/,https://frqncy.network/books/the-life-changing-magic-of-tidying-up/,The Life-Changing Magic of Tidying Up — FRQNCY Network,More than a cleaning method — a philosophy for surrounding yourself only with what brings joy.,The Life-Changing Magic of Tidying Up,16,WebSite|Book|ListItem|BreadcrumbList,True,False,False,False,False,https://frqncy.network/og-image.png,9,4,2026-04-24,2026-04-29
books,books/the-living-gita/,https://frqncy.network/books/the-living-gita/,The Living Gita — FRQNCY Network,The Bhagavad Gita with plain-English commentary — Satchidananda makes the ancient battlefield conversation immediately applicable to daily life.,The Living Gita,19,WebSite|Book|ListItem|BreadcrumbList,True,False,False,False,False,https://frqncy.network/og-image.png,10,4,2026-04-24,2026-04-29
books,books/the-magic-of-believing/,https://frqncy.network/books/the-magic-of-believing/,The Magic of Believing — FRQNCY Network,The mirror technique and subconscious imprinting — one of the most practical books ever written on belief and manifestation.,The Magic of Believing,16,WebSite|Book|ListItem|BreadcrumbList,True,False,False,False,False,https://frqncy.network/og-image.png,9,4,2026-04-24,2026-04-29
books,books/the-magic-of-thinking-big/,https://frqncy.network/books/the-magic-of-thinking-big/,The Magic of Thinking Big — FRQNCY Network,Proven methods for achieving everything you want from life by thinking bigger than you currently dare.,The Magic of Thinking Big,17,WebSite|Book|ListItem|BreadcrumbList,True,False,False,False,False,https://frqncy.network/og-image.png,9,4,2026-04-24,2026-04-29
books,books/the-magic/,https://frqncy.network/books/the-magic/,The Magic — FRQNCY Network,28 days of gratitude practices that transform every area of life — the applied practice at the heart of The Secret.,The Magic,16,WebSite|Book|ListItem|BreadcrumbList,True,False,False,False,False,https://frqncy.network/og-image.png,10,4,2026-04-24,2026-04-29
books,books/the-master-key-system/,https://frqncy.network/books/the-master-key-system/,The Master Key System — FRQNCY Network,24-week correspondence course in mental science — the book that reportedly inspired Bill Gates to drop out of Harvard.,The Master Key System,16,WebSite|Book|ListItem|BreadcrumbList,True,False,False,False,False,https://frqncy.network/og-image.png,9,4,2026-04-24,2026-04-29
books,books/the-master-key-to-riches/,https://frqncy.network/books/the-master-key-to-riches/,The Master Key to Riches — FRQNCY Network,"Hill&#39;s 1945 distillation of the success philosophy he had refined for two decades after Think and Grow Rich. Twelve riches, the master mind principle, and",The Master Key to Riches,32,WebSite|Book|ListItem|BreadcrumbList,True,False,False,False,False,https://frqncy.network/og-image.png,11,4,2026-04-25,2026-04-29
books,books/the-miracle-of-mindfulness/,https://frqncy.network/books/the-miracle-of-mindfulness/,The Miracle of Mindfulness — FRQNCY Network,The most accessible introduction to meditation ever written. 140 pages of pure clarity.,The Miracle of Mindfulness,17,WebSite|Book|ListItem|BreadcrumbList,True,False,False,False,False,https://frqncy.network/og-image.png,10,4,2026-04-24,2026-04-29
books,books/the-miracle-of-rebound-exercise/,https://frqncy.network/books/the-miracle-of-rebound-exercise/,The Miracle of Rebound Exercise — FRQNCY Network,"The definitive guide to rebounding on a mini-trampoline — lymphatic drainage, cellular exercise, and NASA-validated benefits.",The Miracle of Rebound Exercise,19,WebSite|Book|ListItem|BreadcrumbList,True,False,False,False,False,https://frqncy.network/og-image.png,9,4,2026-04-24,2026-04-29
books,books/the-monuments-of-mars/,https://frqncy.network/books/the-monuments-of-mars/,The Monuments of Mars — FRQNCY Network,Hoagland&#39;s investigation into the Face on Mars and the Cydonia complex — the case that Mars harboured an ancient civilisation.,The Monuments of Mars,16,WebSite|Book|ListItem|BreadcrumbList,True,False,False,False,False,https://frqncy.network/og-image.png,9,4,2026-04-24,2026-04-29
books,books/the-network-state/,https://frqncy.network/books/the-network-state/,The Network State — FRQNCY Network,The foundational text on network states — how to start a new kind of country online and build a physical presence over time. The intellectual ground for DA,The Network State,34,WebSite|Book|ListItem|BreadcrumbList,True,False,False,False,False,https://frqncy.network/og-image.png,11,4,2026-04-24,2026-04-29
books,books/the-new-fire/,https://frqncy.network/books/the-new-fire/,The New Fire — FRQNCY Network,The honest case for nuclear alongside renewables in the energy transition.,The New Fire,16,WebSite|Book|ListItem|BreadcrumbList,True,False,False,False,False,https://frqncy.network/og-image.png,9,4,2026-04-24,2026-04-29
books,books/the-obstacle-is-the-way/,https://frqncy.network/books/the-obstacle-is-the-way/,The Obstacle Is the Way — FRQNCY Network,Stoic philosophy as a practical toolkit — turning adversity into advantage using the wisdom of Marcus Aurelius.,The Obstacle Is the Way,17,WebSite|Book|ListItem|BreadcrumbList,True,False,False,False,False,https://frqncy.network/og-image.png,10,4,2026-04-24,2026-04-29
books,books/the-omnivores-dilemma/,https://frqncy.network/books/the-omnivores-dilemma/,The Omnivore&#39;s Dilemma — FRQNCY Network,A natural history of four meals — the most important book on food and agriculture of the past 20 years.,The Omnivore&#39;s Dilemma,21,WebSite|Book|ListItem|BreadcrumbList,True,False,False,False,False,https://frqncy.network/og-image.png,10,4,2026-04-24,2026-04-29
books,books/the-order-of-time/,https://frqncy.network/books/the-order-of-time/,The Order of Time — FRQNCY Network,"A physicist&#39;s meditation on why time flows, what cycles mean, and whether the present exists at all.",The Order of Time,22,WebSite|Book|ListItem|BreadcrumbList,True,False,False,False,False,https://frqncy.network/og-image.png,10,4,2026-04-24,2026-04-29
books,books/the-podcast-handbook/,https://frqncy.network/books/the-podcast-handbook/,The Podcast Handbook — FRQNCY Network,"A practical, concise guide to making a podcast that actually gets made — and heard.",The Podcast Handbook,14,WebSite|Book|ListItem|BreadcrumbList,True,False,False,False,False,https://frqncy.network/og-image.png,9,4,2026-04-24,2026-04-29
books,books/the-power-of-awareness/,https://frqncy.network/books/the-power-of-awareness/,The Power of Awareness — FRQNCY Network,The most widely read of Neville&#39;s books. Awareness of being — &#39;I AM&#39; — as the one substance from which everything is made. The clearest entry point into hi,The Power of Awareness,19,WebSite|Book|ListItem|BreadcrumbList,True,False,False,False,False,https://frqncy.network/og-image.png,10,4,2026-04-25,2026-04-29
books,books/the-power-of-now/,https://frqncy.network/books/the-power-of-now/,The Power of Now — FRQNCY Network,The book that introduced millions to presence as a spiritual practice. Deceptively simple.,The Power of Now,20,WebSite|Book|ListItem|BreadcrumbList,True,False,False,False,False,https://frqncy.network/og-image.png,10,4,2026-04-24,2026-04-29
books,books/the-power-of-positive-thinking/,https://frqncy.network/books/the-power-of-positive-thinking/,The Power of Positive Thinking — FRQNCY Network,"The 1952 classic that launched the positive thinking movement — practical techniques for faith, confidence, and serenity.",The Power of Positive Thinking,17,WebSite|Book|ListItem|BreadcrumbList,True,False,False,False,False,https://frqncy.network/og-image.png,9,4,2026-04-24,2026-04-29
books,books/the-power/,https://frqncy.network/books/the-power/,The Power — FRQNCY Network,Love as the ultimate force of creation — Byrne&#39;s deeper exploration of the creative power behind the Law of Attraction.,The Power,16,WebSite|Book|ListItem|BreadcrumbList,True,False,False,False,False,https://frqncy.network/og-image.png,10,4,2026-04-24,2026-04-29
books,books/the-precipice/,https://frqncy.network/books/the-precipice/,The Precipice — FRQNCY Network,An Oxford philosopher&#39;s assessment of existential risks and how to navigate them. Rigorous and urgent.,The Precipice,21,WebSite|Book|ListItem|BreadcrumbList,True,False,False,False,False,https://frqncy.network/og-image.png,9,4,2026-04-24,2026-04-29
books,books/the-purpose-economy/,https://frqncy.network/books/the-purpose-economy/,The Purpose Economy — FRQNCY Network,How purpose has become the driver of economic value in a post-scarcity world.,The Purpose Economy,19,WebSite|Book|ListItem|BreadcrumbList,True,False,False,False,False,https://frqncy.network/og-image.png,9,4,2026-04-24,2026-04-29
books,books/the-reconnection/,https://frqncy.network/books/the-reconnection/,The Reconnection — FRQNCY Network,A chiropractor&#39;s accidental discovery of a new healing frequency — and what it suggests about energy and consciousness.,The Reconnection,17,WebSite|Book|ListItem|BreadcrumbList,True,False,False,False,False,https://frqncy.network/og-image.png,9,4,2026-04-24,2026-04-29
books,books/the-regenerative-business/,https://frqncy.network/books/the-regenerative-business/,The Regenerative Business — FRQNCY Network,Moving beyond sustainability to business models that actively restore living systems.,The Regenerative Business,22,WebSite|Book|ListItem|BreadcrumbList,True,False,False,False,False,https://frqncy.network/og-image.png,9,4,2026-04-24,2026-04-29
books,books/the-rest-is-noise/,https://frqncy.network/books/the-rest-is-noise/,The Rest Is Noise — FRQNCY Network,A history of 20th century classical music that reads like a novel. One of the great music books.,The Rest Is Noise,17,WebSite|Book|ListItem|BreadcrumbList,True,False,False,False,False,https://frqncy.network/og-image.png,9,4,2026-04-24,2026-04-29
books,books/the-richest-man-in-babylon/,https://frqncy.network/books/the-richest-man-in-babylon/,The Richest Man in Babylon — FRQNCY Network,"Timeless financial wisdom through Babylonian parables — pay yourself first, make your money work for you, guard against loss.",The Richest Man in Babylon,20,WebSite|Book|ListItem|BreadcrumbList,True,False,False,False,False,https://frqncy.network/og-image.png,9,4,2026-04-24,2026-04-29
books,books/the-science-of-getting-rich/,https://frqncy.network/books/the-science-of-getting-rich/,The Science of Getting Rich — FRQNCY Network,"The 1910 classic that inspired The Secret — a precise, systematic account of how thought creates material reality. Certain laws, as definite as the laws of",The Science of Getting Rich,31,WebSite|Book|ListItem|BreadcrumbList,True,False,False,False,False,https://frqncy.network/og-image.png,10,4,2026-04-24,2026-04-29
books,books/the-sea-around-us/,https://frqncy.network/books/the-sea-around-us/,The Sea Around Us — FRQNCY Network,The book that made a generation care about the ocean. Rachel Carson at her lyrical best.,The Sea Around Us,20,WebSite|Book|ListItem|BreadcrumbList,True,False,False,False,False,https://frqncy.network/og-image.png,9,4,2026-04-24,2026-04-29
books,books/the-search-neville/,https://frqncy.network/books/the-search-neville/,The Search — FRQNCY Network,"A short, mystical text on the inward turn — what the seeker is actually looking for, and where the search ends.",The Search,16,WebSite|Book|ListItem|BreadcrumbList,True,False,False,False,False,https://frqncy.network/og-image.png,10,4,2026-04-25,2026-04-29
books,books/the-seat-of-the-soul/,https://frqncy.network/books/the-seat-of-the-soul/,The Seat of the Soul — FRQNCY Network,"A map of spiritual growth for the age of authentic power — where intention, consciousness, and soul converge.",The Seat of the Soul,16,WebSite|Book|ListItem|BreadcrumbList,True,False,False,False,False,https://frqncy.network/og-image.png,9,4,2026-04-24,2026-04-29
books,books/the-second-coming-of-christ/,https://frqncy.network/books/the-second-coming-of-christ/,The Second Coming of Christ — FRQNCY Network,Yogananda&#39;s interpretation of the Gospels through the lens of Kriya Yoga and universal mystical principles.,The Second Coming of Christ,18,WebSite|Book|ListItem|BreadcrumbList,True,False,False,False,False,https://frqncy.network/og-image.png,10,4,2026-04-24,2026-04-29
books,books/the-secret-of-ages/,https://frqncy.network/books/the-secret-of-ages/,The Secret of Ages — FRQNCY Network,The 1926 compendium of mental science — how to use the subconscious mind to bring every desire into reality.,The Secret of Ages,16,WebSite|Book|ListItem|BreadcrumbList,True,False,False,False,False,https://frqncy.network/og-image.png,9,4,2026-04-24,2026-04-29
books,books/the-secret/,https://frqncy.network/books/the-secret/,The Secret — FRQNCY Network,The book and film that brought the Law of Attraction to 500 million people. The modern gateway to manifestation thinking.,The Secret,19,WebSite|Book|ListItem|BreadcrumbList,True,False,False,False,False,https://frqncy.network/og-image.png,10,4,2026-04-24,2026-04-29
books,books/the-sedona-method/,https://frqncy.network/books/the-sedona-method/,The Sedona Method — FRQNCY Network,"The release technique — four simple questions that let you dissolve any feeling or emotional charge in the moment. Immediate, profound, and practical.",The Sedona Method,30,WebSite|Book|ListItem|BreadcrumbList,True,False,False,False,False,https://frqncy.network/og-image.png,10,4,2026-04-24,2026-04-29
books,books/the-selfish-gene/,https://frqncy.network/books/the-selfish-gene/,The Selfish Gene — FRQNCY Network,"The gene&#39;s-eye view of evolution that reshaped how we think about life, cooperation, and altruism.",The Selfish Gene,20,WebSite|Book|ListItem|BreadcrumbList,True,False,False,False,False,https://frqncy.network/og-image.png,10,4,2026-04-24,2026-04-29
books,books/the-seven-spiritual-laws-of-success/,https://frqncy.network/books/the-seven-spiritual-laws-of-success/,The Seven Spiritual Laws of Success — FRQNCY Network,"Laws of pure potentiality, karma, least effort, intention — success understood as a spiritual phenomenon, not just an economic one.",The Seven Spiritual Laws of Success,17,WebSite|Book|ListItem|BreadcrumbList,True,False,False,False,False,https://frqncy.network/og-image.png,10,4,2026-04-24,2026-04-29
books,books/the-shallows/,https://frqncy.network/books/the-shallows/,The Shallows — FRQNCY Network,What the internet is doing to our brains — a deeply researched case for protecting depth of thought.,The Shallows,18,WebSite|Book|ListItem|BreadcrumbList,True,False,False,False,False,https://frqncy.network/og-image.png,9,4,2026-04-24,2026-04-29
books,books/the-shaolin-workout/,https://frqncy.network/books/the-shaolin-workout/,The Shaolin Workout — FRQNCY Network,28 days to a stronger body and a calmer mind — authentic Shaolin kung fu training from a 34th-generation Shaolin monk.,The Shaolin Workout,19,WebSite|Book|ListItem|BreadcrumbList,True,False,False,False,False,https://frqncy.network/og-image.png,9,4,2026-04-24,2026-04-29
books,books/the-sixth-extinction/,https://frqncy.network/books/the-sixth-extinction/,The Sixth Extinction — FRQNCY Network,A Pulitzer Prize winner on the species humans are currently driving to extinction. Essential and devastating.,The Sixth Extinction,21,WebSite|Book|ListItem|BreadcrumbList,True,False,False,False,False,https://frqncy.network/og-image.png,9,4,2026-04-24,2026-04-29
books,books/the-sovereign-individual/,https://frqncy.network/books/the-sovereign-individual/,The Sovereign Individual — FRQNCY Network,"Written in 1997, it predicted crypto, digital sovereignty, and the collapse of nation-state control with eerie accuracy.",The Sovereign Individual,20,WebSite|Book|ListItem|BreadcrumbList,True,False,False,False,False,https://frqncy.network/og-image.png,9,4,2026-04-24,2026-04-29
books,books/the-spirit-level/,https://frqncy.network/books/the-spirit-level/,The Spirit Level — FRQNCY Network,Why more equal societies almost always do better. The data that changed the governance conversation.,The Spirit Level,19,WebSite|Book|ListItem|BreadcrumbList,True,False,False,False,False,https://frqncy.network/og-image.png,9,4,2026-04-24,2026-04-29
books,books/the-surrender-experiment/,https://frqncy.network/books/the-surrender-experiment/,The Surrender Experiment — FRQNCY Network,What happens when you stop resisting life — Singer&#39;s extraordinary memoir of 40 years of surrendering to the flow.,The Surrender Experiment,18,WebSite|Book|ListItem|BreadcrumbList,True,False,False,False,False,https://frqncy.network/og-image.png,10,4,2026-04-24,2026-04-29
books,books/the-switch/,https://frqncy.network/books/the-switch/,The Switch — FRQNCY Network,Why the world will run on clean electricity within decades — and how it will happen.,The Switch,19,WebSite|Book|ListItem|BreadcrumbList,True,False,False,False,False,https://frqncy.network/og-image.png,9,4,2026-04-24,2026-04-29
books,books/the-tao-te-ching/,https://frqncy.network/books/the-tao-te-ching/,The Tao Te Ching — FRQNCY Network,"81 short poems about the nature of reality, power, and returning to the source. Free online.",The Tao Te Ching,21,WebSite|Book|ListItem|BreadcrumbList,True,False,False,False,False,https://frqncy.network/og-image.png,10,4,2026-04-24,2026-04-29
books,books/the-tapping-solution/,https://frqncy.network/books/the-tapping-solution/,The Tapping Solution — FRQNCY Network,"The most accessible introduction to Emotional Freedom Techniques — how tapping on acupressure points while voicing feelings can dissolve anxiety, pain, and",The Tapping Solution,19,WebSite|Book|ListItem|BreadcrumbList,True,False,False,False,False,https://frqncy.network/og-image.png,9,4,2026-04-24,2026-04-29
books,books/the-three-waves-of-volunteers-and-the-new-earth/,https://frqncy.network/books/the-three-waves-of-volunteers-and-the-new-earth/,The Three Waves of Volunteers and the New Earth — FRQNCY Network,Her thesis: three generational waves of advanced souls incarnated on Earth — volunteers from elsewhere — to help humanity through the dimensional shift. Co,The Three Waves of Volunteers and the New Earth,16,WebSite|Book|ListItem|BreadcrumbList,True,False,False,False,False,https://frqncy.network/og-image.png,10,4,2026-04-24,2026-04-29
books,books/the-translators-invisibility/,https://frqncy.network/books/the-translators-invisibility/,The Translator&#39;s Invisibility — FRQNCY Network,The politics and ethics of translation. Who decides how foreign texts enter a culture.,The Translator&#39;s Invisibility,18,WebSite|Book|ListItem|BreadcrumbList,True,False,False,False,False,https://frqncy.network/og-image.png,9,4,2026-04-24,2026-04-29
books,books/the-uninhabitable-earth/,https://frqncy.network/books/the-uninhabitable-earth/,The Uninhabitable Earth — FRQNCY Network,What climate change will actually do to the planet if we fail. Confronting and necessary.,The Uninhabitable Earth,20,WebSite|Book|ListItem|BreadcrumbList,True,False,False,False,False,https://frqncy.network/og-image.png,9,4,2026-04-24,2026-04-29
books,books/the-untethered-soul/,https://frqncy.network/books/the-untethered-soul/,The Untethered Soul — FRQNCY Network,The journey beyond yourself — who are you behind the voice in your head? Singer&#39;s most lucid pointer to the unchanging witness.,The Untethered Soul,18,WebSite|Book|ListItem|BreadcrumbList,True,False,False,False,False,https://frqncy.network/og-image.png,10,4,2026-04-24,2026-04-29
books,books/the-urban-farmer/,https://frqncy.network/books/the-urban-farmer/,The Urban Farmer — FRQNCY Network,How to grow food for profit on small urban plots. The business model for urban food production.,The Urban Farmer,20,WebSite|Book|ListItem|BreadcrumbList,True,False,False,False,False,https://frqncy.network/og-image.png,9,4,2026-04-24,2026-04-29
books,books/the-war-of-art/,https://frqncy.network/books/the-war-of-art/,The War of Art — FRQNCY Network,Breaking through the blocks and winning your inner creative battles — the most honest book on Resistance ever written.,The War of Art,17,WebSite|Book|ListItem|BreadcrumbList,True,False,False,False,False,https://frqncy.network/og-image.png,9,4,2026-04-24,2026-04-29
books,books/the-web-of-life/,https://frqncy.network/books/the-web-of-life/,The Web of Life — FRQNCY Network,A synthesis of systems thinking and ecology — how living systems organise and why everything is connected.,The Web of Life,16,WebSite|Book|ListItem|BreadcrumbList,True,False,False,False,False,https://frqncy.network/og-image.png,10,4,2026-04-24,2026-04-29
books,books/the-wisdom-of-crowds/,https://frqncy.network/books/the-wisdom-of-crowds/,The Wisdom of Crowds — FRQNCY Network,"Under the right conditions, crowds make better decisions than experts. The evidence and the conditions.",The Wisdom of Crowds,21,WebSite|Book|ListItem|BreadcrumbList,True,False,False,False,False,https://frqncy.network/og-image.png,9,4,2026-04-24,2026-04-29
books,books/the-yoga-of-discipline/,https://frqncy.network/books/the-yoga-of-discipline/,The Yoga of Discipline — FRQNCY Network,"Tapas, sadhana, and the transformative power of self-discipline in the spiritual life.",The Yoga of Discipline,18,WebSite|Book|ListItem|BreadcrumbList,True,False,False,False,False,https://frqncy.network/og-image.png,10,4,2026-04-24,2026-04-29
books,books/the-yoga-sutras-of-patanjali/,https://frqncy.network/books/the-yoga-sutras-of-patanjali/,The Yoga Sutras of Patanjali — FRQNCY Network,"The most widely used commentary on Patanjali&#39;s root text — clear, practical, and steeped in living practice.",The Yoga Sutras of Patanjali,19,WebSite|Book|ListItem|BreadcrumbList,True,False,False,False,False,https://frqncy.network/og-image.png,10,4,2026-04-24,2026-04-29
books,books/think-and-grow-rich/,https://frqncy.network/books/think-and-grow-rich/,Think and Grow Rich — FRQNCY Network,The most-read success book in history — 13 principles of achievement distilled from Napoleon Hill&#39;s interviews with 500 of America&#39;s most successful people,Think and Grow Rich,35,WebSite|Book|ListItem|BreadcrumbList,True,False,False,False,False,https://frqncy.network/og-image.png,11,4,2026-04-24,2026-04-29
books,books/thinking-in-systems/,https://frqncy.network/books/thinking-in-systems/,Thinking in Systems — FRQNCY Network,"The best introduction to systems thinking ever written. Short, clear, and immediately applicable.",Thinking in Systems,20,WebSite|Book|ListItem|BreadcrumbList,True,False,False,False,False,https://frqncy.network/og-image.png,9,4,2026-04-24,2026-04-29
books,books/this-is-an-uprising/,https://frqncy.network/books/this-is-an-uprising/,This Is An Uprising — FRQNCY Network,How nonviolent revolt is shaping the 21st century. The strategic logic of social movements.,This Is An Uprising,19,WebSite|Book|ListItem|BreadcrumbList,True,False,False,False,False,https://frqncy.network/og-image.png,9,4,2026-04-24,2026-04-29
books,books/this-is-your-brain-on-music/,https://frqncy.network/books/this-is-your-brain-on-music/,This Is Your Brain on Music — FRQNCY Network,A neuroscientist and former record producer explains what music does to us — and why.,This Is Your Brain on Music,20,WebSite|Book|ListItem|BreadcrumbList,True,False,False,False,False,https://frqncy.network/og-image.png,9,4,2026-04-24,2026-04-29
books,books/transcending-the-levels-of-consciousness/,https://frqncy.network/books/transcending-the-levels-of-consciousness/,Transcending the Levels of Consciousness — FRQNCY Network,"A complete map of the inner journey — how each level of consciousness feels, what blocks it, and how to transcend it.",Transcending the Levels of Consciousness,18,WebSite|Book|ListItem|BreadcrumbList,True,False,False,False,False,https://frqncy.network/og-image.png,10,4,2026-04-24,2026-04-29
books,books/ufos-and-the-national-security-state/,https://frqncy.network/books/ufos-and-the-national-security-state/,UFOs and the National Security State — FRQNCY Network,The most authoritative history of the US government&#39;s relationship with the UFO phenomenon — deeply researched and unflinching.,UFOs and the National Security State,19,WebSite|Book|ListItem|BreadcrumbList,True,False,False,False,False,https://frqncy.network/og-image.png,9,4,2026-04-24,2026-04-29
books,books/waking-the-tiger/,https://frqncy.network/books/waking-the-tiger/,Waking the Tiger — FRQNCY Network,How animals release trauma instinctively — and how humans can too. The origin of Somatic Experiencing.,Waking the Tiger,20,WebSite|Book|ListItem|BreadcrumbList,True,False,False,False,False,https://frqncy.network/og-image.png,9,4,2026-04-24,2026-04-29
books,books/ways-of-seeing/,https://frqncy.network/books/ways-of-seeing/,Ways of Seeing — FRQNCY Network,"The most important book about how we look at art, images, and each other — perception, power, and visual literacy in two hours. Permanently changes what yo",Ways of Seeing,40,WebSite|Book|ListItem|BreadcrumbList,True,False,False,False,False,https://frqncy.network/og-image.png,10,4,2026-04-24,2026-04-29
books,books/what-it-takes/,https://frqncy.network/books/what-it-takes/,What It Takes — FRQNCY Network,"The Blackstone co-founder on the lessons of a life at the frontier of high finance — ambition, character, and execution.",What It Takes,17,WebSite|Book|ListItem|BreadcrumbList,True,False,False,False,False,https://frqncy.network/og-image.png,9,4,2026-04-24,2026-04-29
books,books/what-to-say-when-you-talk-to-yourself/,https://frqncy.network/books/what-to-say-when-you-talk-to-yourself/,What to Say When You Talk to Yourself — FRQNCY Network,"The science of self-talk — why the words you say to yourself determine everything, and how to change the programming.",What to Say When You Talk to Yourself,17,WebSite|Book|ListItem|BreadcrumbList,True,False,False,False,False,https://frqncy.network/og-image.png,9,4,2026-04-24,2026-04-29
books,books/wheels-of-life/,https://frqncy.network/books/wheels-of-life/,Wheels of Life — FRQNCY Network,The definitive guide to chakras as a map of the developmental cycles of the human psyche.,Wheels of Life,19,WebSite|Book|ListItem|BreadcrumbList,True,False,False,False,False,https://frqncy.network/og-image.png,9,4,2026-04-24,2026-04-29
books,books/when-the-body-says-no/,https://frqncy.network/books/when-the-body-says-no/,When the Body Says No — FRQNCY Network,The hidden cost of stress and suppressed emotion — Maté&#39;s compassionate investigation into how the mind-body connection shapes illness.,When the Body Says No,17,WebSite|Book|ListItem|BreadcrumbList,True,False,False,False,False,https://frqncy.network/og-image.png,9,4,2026-04-24,2026-04-29
books,books/why-we-sleep/,https://frqncy.network/books/why-we-sleep/,Why We Sleep — FRQNCY Network,"The book that made millions take sleep seriously. Alarming, comprehensive, and life-changing.",Why We Sleep,21,WebSite|Book|ListItem|BreadcrumbList,True,False,False,False,False,https://frqncy.network/og-image.png,9,4,2026-04-24,2026-04-29
books,books/wind-energy-fundamentals-resource-analysis/,https://frqncy.network/books/wind-energy-fundamentals-resource-analysis/,"Wind Energy — Fundamentals, Resource Analysis — FRQNCY Network",The standard textbook on wind energy engineering. Thorough and accessible.,"Wind Energy — Fundamentals, Resource Analysis",19,WebSite|Book|ListItem|BreadcrumbList,True,False,False,False,False,https://frqncy.network/og-image.png,9,4,2026-04-24,2026-04-29
books,books/wishes-fulfilled/,https://frqncy.network/books/wishes-fulfilled/,Wishes Fulfilled — FRQNCY Network,"Mastering the art of manifesting — Dyer&#39;s synthesis of Neville Goddard, mysticism, and practical imagination techniques.",Wishes Fulfilled,16,WebSite|Book|ListItem|BreadcrumbList,True,False,False,False,False,https://frqncy.network/og-image.png,9,4,2026-04-24,2026-04-29
books,books/worn-stories/,https://frqncy.network/books/worn-stories/,Worn Stories — FRQNCY Network,The stories behind the clothes we keep. Fashion as autobiography.,Worn Stories,16,WebSite|Book|ListItem|BreadcrumbList,True,False,False,False,False,https://frqncy.network/og-image.png,9,4,2026-04-24,2026-04-29
books,books/your-faith-is-your-fortune/,https://frqncy.network/books/your-faith-is-your-fortune/,Your Faith Is Your Fortune — FRQNCY Network,A scriptural reading of the Bible as a psychological text — every story is the story of consciousness becoming what it imagines itself to be.,Your Faith Is Your Fortune,16,WebSite|Book|ListItem|BreadcrumbList,True,False,False,False,False,https://frqncy.network/og-image.png,10,4,2026-04-25,2026-04-29
books,books/your-money-or-your-life/,https://frqncy.network/books/your-money-or-your-life/,Your Money or Your Life — FRQNCY Network,The personal finance book that made frugality a spiritual practice and money a form of life energy.,Your Money or Your Life,16,WebSite|Book|ListItem|BreadcrumbList,True,False,False,False,False,https://frqncy.network/og-image.png,9,4,2026-04-24,2026-04-29
people,people/,https://frqncy.network/people/,People — FRQNCY Network,89 people curated on the FRQNCY network.,People,1979,WebSite|ListItem|CollectionPage|ItemList,False,False,False,False,False,https://frqncy.network/og-image.png,7,3,2026-04-24,2026-04-29
people,people/adrienne-maree-brown/,https://frqncy.network/people/adrienne-maree-brown/,adrienne maree brown — FRQNCY Network,"Writer and facilitator whose Emergent Strategy drew from Octavia Butler to map how movements, communities, and change actually unfold — nonlinear, relation",adrienne maree brown,167,WebSite|BreadcrumbList|ListItem|Person,True,False,False,False,False,https://frqncy.network/og-image.png,8,5,2026-04-24,2026-04-29
people,people/alan-watts/,https://frqncy.network/people/alan-watts/,Alan Watts — FRQNCY Network,The philosopher who brought Eastern wisdom to the West. Thousands of lectures freely available — start anywhere.,Alan Watts,15,WebSite|BreadcrumbList|ListItem|Person,True,False,False,False,False,https://frqncy.network/og-image.png,8,4,2026-04-24,2026-04-29
people,people/andreas-antonopoulos/,https://frqncy.network/people/andreas-antonopoulos/,Andreas Antonopoulos — FRQNCY Network,"Educator and advocate whose Mastering Bitcoin and The Internet of Money books, together with his decades of talks, shaped how a generation understood Bitco",Andreas Antonopoulos,176,WebSite|BreadcrumbList|ListItem|Person,True,False,False,False,False,https://frqncy.network/og-image.png,8,5,2026-04-24,2026-04-29
people,people/andrew-huberman/,https://frqncy.network/people/andrew-huberman/,Andrew Huberman — FRQNCY Network,"Stanford neuroscientist whose Huberman Lab podcast translates research into practical tools for focus, sleep, and performance. The clearest bridge between",Andrew Huberman,166,WebSite|BreadcrumbList|ListItem|Person,True,False,False,False,False,https://frqncy.network/og-image.png,8,5,2026-04-24,2026-04-29
people,people/anita-moorjani/,https://frqncy.network/people/anita-moorjani/,Anita Moorjani — FRQNCY Network,"Author of Dying to Be Me, whose recovery from end-stage cancer after a profound near-death experience became one of the most widely shared first-person acc",Anita Moorjani,220,WebSite|BreadcrumbList|ListItem|Person,True,False,False,False,False,https://frqncy.network/og-image.png,9,5,2026-04-24,2026-04-29
people,people/arizona-wilder/,https://frqncy.network/people/arizona-wilder/,Arizona Wilder — FRQNCY Network,Former high priestess and MK-Ultra survivor who conducted Illuminati rituals at the highest levels of global power. Her testimony — first recorded with Dav,Arizona Wilder,13,WebSite|BreadcrumbList|ListItem|Person,True,False,False,False,False,https://frqncy.network/og-image.png,8,4,2026-04-24,2026-04-29
people,people/balaji-srinivasan/,https://frqncy.network/people/balaji-srinivasan/,Balaji Srinivasan — FRQNCY Network,"Technologist, investor, and author of The Network State — the foundational text on starting a new kind of country online before building its physical prese",Balaji Srinivasan,201,WebSite|BreadcrumbList|ListItem|Person,True,False,False,False,False,https://frqncy.network/og-image.png,9,5,2026-04-24,2026-04-29
people,people/barbara-marciniak/,https://frqncy.network/people/barbara-marciniak/,Barbara Marciniak — FRQNCY Network,Barbara Marciniak has channeled a collective of multidimensional beings from the Pleiades star system since 1988. Her book Bringers of the Dawn is one of t,Barbara Marciniak,199,WebSite|BreadcrumbList|ListItem|Person,True,False,False,False,False,https://frqncy.network/og-image.png,8,4,2026-04-24,2026-04-29
people,people/bill-ryan-kerry-cassidy/,https://frqncy.network/people/bill-ryan-kerry-cassidy/,Bill Ryan &amp; Kerry Cassidy — FRQNCY Network,"Since 2006 they have filmed hundreds of hours of whistleblower testimony — insiders from intelligence, military, finance, and the fringes of science — and",Bill Ryan &amp; Kerry Cassidy,70,WebSite|BreadcrumbList|ListItem|Person,True,False,False,False,False,https://frqncy.network/og-image.png,8,5,2026-04-24,2026-04-29
people,people/birgit-fischer/,https://frqncy.network/people/birgit-fischer/,Birgit Fischer — FRQNCY Network,"Austrian medium, healer, and four-time SPIEGEL bestselling author — channels Starseed messages and galactic intelligences. One of the most prominent voices",Birgit Fischer,69,WebSite|BreadcrumbList|ListItem|Person,True,False,False,False,False,https://frqncy.network/og-image.png,8,6,2026-04-24,2026-04-29
people,people/bob-lazar/,https://frqncy.network/people/bob-lazar/,Bob Lazar — FRQNCY Network,The man who brought Area 51 and element 115 (moscovium) to public consciousness decades before its scientific confirmation. Official site.,Bob Lazar,16,WebSite|BreadcrumbList|ListItem|Person,True,False,False,False,False,https://frqncy.network/og-image.png,8,4,2026-04-24,2026-04-29
people,people/bruce-schneier/,https://frqncy.network/people/bruce-schneier/,Bruce Schneier — FRQNCY Network,"The world&#39;s most respected security technologist. His cryptography work, books, and blog form the clearest voice in the field on how systems fail and how t",Bruce Schneier,174,WebSite|BreadcrumbList|ListItem|Person,True,False,False,False,False,https://frqncy.network/og-image.png,8,5,2026-04-24,2026-04-29
people,people/carl-sagan/,https://frqncy.network/people/carl-sagan/,Carl Sagan — FRQNCY Network,"The cosmologist, science communicator, and author whose Cosmos series and writing (Pale Blue Dot, The Demon-Haunted World) shaped how a generation understo",Carl Sagan,222,WebSite|BreadcrumbList|ListItem|Person,True,False,False,False,False,https://frqncy.network/og-image.png,9,6,2026-04-24,2026-04-29
people,people/carlo-rovelli/,https://frqncy.network/people/carlo-rovelli/,Carlo Rovelli — FRQNCY Network,"Italian theoretical physicist working at the edges of loop quantum gravity and the philosophy of time. His short books (Seven Brief Lessons on Physics, The",Carlo Rovelli,210,WebSite|BreadcrumbList|ListItem|Person,True,False,False,False,False,https://frqncy.network/og-image.png,9,6,2026-04-24,2026-04-29
people,people/dale-carnegie/,https://frqncy.network/people/dale-carnegie/,Dale Carnegie — FRQNCY Network,Author of How to Win Friends and Influence People — the 1936 text on human relations that has sold over 30 million copies and remains the foundation of nea,Dale Carnegie,234,WebSite|BreadcrumbList|ListItem|Person,True,False,False,False,False,https://frqncy.network/og-image.png,9,6,2026-04-24,2026-04-29
people,people/darryl-anka/,https://frqncy.network/people/darryl-anka/,Darryl Anka — FRQNCY Network,"Darryl Anka has channeled Bashar since 1983 — teachings on parallel realities, permission slips, and following your highest excitement.",Darryl Anka,61,WebSite|BreadcrumbList|ListItem|Person,True,False,False,False,False,https://frqncy.network/og-image.png,8,4,2026-04-24,2026-04-29
people,people/david-hoffman/,https://frqncy.network/people/david-hoffman/,David Hoffman — FRQNCY Network,Co-founder of Bankless with Ryan Sean Adams. His clear explanations of Ethereum&#39;s economic architecture and long-term thesis have made Bankless the primary,David Hoffman,173,WebSite|BreadcrumbList|ListItem|Person,True,False,False,False,False,https://frqncy.network/og-image.png,9,5,2026-04-24,2026-04-29
people,people/david-r-hawkins/,https://frqncy.network/people/david-r-hawkins/,Dr. David R. Hawkins — FRQNCY Network,Psychiatrist and spiritual teacher who mapped the calibrated levels of human consciousness — from shame at the bottom to enlightenment at the top. His kine,Dr. David R. Hawkins,339,WebSite|BreadcrumbList|ListItem|Person,True,False,False,False,False,https://frqncy.network/og-image.png,12,9,2026-04-24,2026-04-29
people,people/deepak-chopra/,https://frqncy.network/people/deepak-chopra/,Deepak Chopra — FRQNCY Network,"Indian-American physician, teacher, and author whose work across dozens of books has brought yoga, Ayurveda, and consciousness into mainstream Western self",Deepak Chopra,47,WebSite|BreadcrumbList|ListItem|Person,True,False,False,False,False,https://frqncy.network/og-image.png,8,5,2026-04-24,2026-04-29
people,people/dolores-cannon/,https://frqncy.network/people/dolores-cannon/,Dolores Cannon — FRQNCY Network,"Hypnotherapist, past-life regressionist, and founder of Quantum Healing Hypnosis Technique (QHHT). Across 50 years and tens of thousands of sessions she as",Dolores Cannon,207,WebSite|BreadcrumbList|ListItem|Person,True,False,False,False,False,https://frqncy.network/og-image.png,8,5,2026-04-24,2026-04-29
people,people/eckhart-tolle/,https://frqncy.network/people/eckhart-tolle/,Eckhart Tolle — FRQNCY Network,"Author of The Power of Now, whose teaching on present-moment awareness brought non-dual consciousness into mainstream Western spirituality. A living transm",Eckhart Tolle,159,WebSite|BreadcrumbList|ListItem|Person,True,False,False,False,False,https://frqncy.network/og-image.png,8,5,2026-04-24,2026-04-29
people,people/edgar-cayce/,https://frqncy.network/people/edgar-cayce/,Edgar Cayce — FRQNCY Network,The Sleeping Prophet — 20th-century American psychic whose trance readings produced some of the most extensive bodies of channeled material on Earth: healt,Edgar Cayce,45,WebSite|BreadcrumbList|ListItem|Person,True,False,False,False,False,https://frqncy.network/og-image.png,8,5,2026-04-24,2026-04-29
people,people/eileen-mckusick/,https://frqncy.network/people/eileen-mckusick/,Eileen McKusick — FRQNCY Network,Sound therapist and researcher whose Biofield Tuning method uses tuning forks to map and clear the human biofield. Her evidence-gathering approach treats s,Eileen McKusick,38,WebSite|BreadcrumbList|ListItem|Person,True,False,False,False,False,https://frqncy.network/og-image.png,8,5,2026-04-24,2026-04-29
people,people/emma-grede/,https://frqncy.network/people/emma-grede/,Emma Grede — FRQNCY Network,"Co-founder and CEO of Good American, co-founder of SKIMS, founding partner of Savage X Fenty. First Black woman guest Shark on Shark Tank. Her bet: inclusi",Emma Grede,154,WebSite|BreadcrumbList|ListItem|Person,True,False,False,False,False,https://frqncy.network/og-image.png,8,4,2026-04-24,2026-04-29
people,people/erin-claire-jones/,https://frqncy.network/people/erin-claire-jones/,Erin Claire Jones — FRQNCY Network,"Brings Human Design into business, leadership, and teams. Known for making HD practical and applicable to work and relationships. Her newsletter is one of",Erin Claire Jones,17,WebSite|BreadcrumbList|ListItem|Person,True,False,False,False,False,https://frqncy.network/og-image.png,8,4,2026-04-24,2026-04-29
people,people/esther-hicks/,https://frqncy.network/people/esther-hicks/,Esther Hicks — FRQNCY Network,Channels the non-physical collective known as Abraham since 1985. With her late husband Jerry Hicks she transmitted the teachings to millions — the core so,Esther Hicks,233,WebSite|BreadcrumbList|ListItem|Person,True,False,False,False,False,https://frqncy.network/og-image.png,8,6,2026-04-24,2026-04-29
people,people/fritjof-capra/,https://frqncy.network/people/fritjof-capra/,Fritjof Capra — FRQNCY Network,Austrian-born physicist whose Tao of Physics (1975) drew the parallels between quantum physics and Eastern mysticism that a generation had been waiting for,Fritjof Capra,41,WebSite|BreadcrumbList|ListItem|Person,True,False,False,False,False,https://frqncy.network/og-image.png,8,5,2026-04-24,2026-04-29
people,people/george-green/,https://frqncy.network/people/george-green/,George Green — FRQNCY Network,Former investment banker and USAF veteran who published the Pleiadian-channeled Handbook for the New Paradigm trilogy — available free online and read by m,George Green,13,WebSite|BreadcrumbList|ListItem|Person,True,False,False,False,False,https://frqncy.network/og-image.png,8,4,2026-04-24,2026-04-29
people,people/geshe-michael-roach/,https://frqncy.network/people/geshe-michael-roach/,Geshe Michael Roach — FRQNCY Network,American-born Tibetan Buddhist monk and businessman whose Diamond Cutter teachings bridge ancient Buddhist wisdom with modern business practice. His work r,Geshe Michael Roach,43,WebSite|BreadcrumbList|ListItem|Person,True,False,False,False,False,https://frqncy.network/og-image.png,8,5,2026-04-24,2026-04-29
people,people/graham-hancock/,https://frqncy.network/people/graham-hancock/,Graham Hancock — FRQNCY Network,"The author and researcher whose work spans lost civilisations, ancient monuments, consciousness, and the hidden history of humanity.",Graham Hancock,67,WebSite|BreadcrumbList|ListItem|Person,True,False,False,False,False,https://frqncy.network/og-image.png,8,6,2026-04-24,2026-04-29
people,people/grant-sanderson/,https://frqncy.network/people/grant-sanderson/,Grant Sanderson — FRQNCY Network,"Creator of 3Blue1Brown — the YouTube channel that has redefined how mathematics is visualised and taught. His animations make linear algebra, calculus, and",Grant Sanderson,156,WebSite|BreadcrumbList|ListItem|Person,True,False,False,False,False,https://frqncy.network/og-image.png,8,5,2026-04-24,2026-04-29
people,people/gurumayi-chidvilasananda/,https://frqncy.network/people/gurumayi-chidvilasananda/,Gurumayi Chidvilasananda — FRQNCY Network,"Siddha Yoga guru and spiritual successor of Swami Muktananda, leading the Siddha Yoga path since 1982. Her teachings on the inner experience of divinity ca",Gurumayi Chidvilasananda,90,WebSite|BreadcrumbList|ListItem|Person,True,False,False,False,False,https://frqncy.network/og-image.png,8,7,2026-04-24,2026-04-29
people,people/gwern-branwen/,https://frqncy.network/people/gwern-branwen/,Gwern Branwen — FRQNCY Network,"Researcher, writer, and early experimenter with long-form serious blogging at gwern.net — covering rationalist psychology, darknet markets, machine learnin",Gwern Branwen,38,WebSite|BreadcrumbList|ListItem|Person,True,False,False,False,False,https://frqncy.network/og-image.png,8,5,2026-04-24,2026-04-29
people,people/helen-schucman/,https://frqncy.network/people/helen-schucman/,Helen Schucman — FRQNCY Network,"Psychology professor who scribed A Course in Miracles from an inner voice identifying itself as Jesus Christ, between 1965 and 1972. Published anonymously",Helen Schucman,37,WebSite|BreadcrumbList|ListItem|Person,True,False,False,False,False,https://frqncy.network/og-image.png,8,5,2026-04-24,2026-04-29
people,people/hermes-trismegistus/,https://frqncy.network/people/hermes-trismegistus/,Hermes Trismegistus — FRQNCY Network,"Legendary figure — part Greek god, part Egyptian sage — traditionally credited with the Emerald Tablet and the Hermetic Corpus. The source of the phrase &#39;a",Hermes Trismegistus,36,WebSite|BreadcrumbList|ListItem|Person,True,False,False,False,False,https://frqncy.network/og-image.png,8,5,2026-04-24,2026-04-29
people,people/james-nestor/,https://frqncy.network/people/james-nestor/,James Nestor — FRQNCY Network,Science journalist whose book Breath compiled the most comprehensive investigation into how humans breathe — and how most of us are doing it wrong. Changed,James Nestor,179,WebSite|BreadcrumbList|ListItem|Person,True,False,False,False,False,https://frqncy.network/og-image.png,8,5,2026-04-24,2026-04-29
people,people/jenna-zoe/,https://frqncy.network/people/jenna-zoe/,Jenna Zoe — FRQNCY Network,"The most popular contemporary Human Design educator. Her platform makes the system approachable for a modern audience — courses, readings, and a large comm",Jenna Zoe,145,WebSite|BreadcrumbList|ListItem|Person,True,False,False,False,False,https://frqncy.network/og-image.png,8,4,2026-04-24,2026-04-29
people,people/jerry-hicks/,https://frqncy.network/people/jerry-hicks/,Jerry Hicks — FRQNCY Network,"Businessman and Dale Carnegie teacher who, with his wife Esther, brought the Abraham material into the world. Co-author of Ask and It Is Given and the cent",Jerry Hicks,16,WebSite|BreadcrumbList|ListItem|Person,True,False,False,False,False,https://frqncy.network/og-image.png,8,4,2026-04-24,2026-04-29
people,people/joe-dispenza/,https://frqncy.network/people/joe-dispenza/,Dr. Joe Dispenza — FRQNCY Network,Neuroscientist and meditation teacher whose progressive workshops document measurable physiological and psychological transformation through meditation.,Dr. Joe Dispenza,70,WebSite|BreadcrumbList|ListItem|Person,True,False,False,False,False,https://frqncy.network/og-image.png,8,6,2026-04-24,2026-04-29
people,people/joe-mcmoneagle/,https://frqncy.network/people/joe-mcmoneagle/,Joe McMoneagle — FRQNCY Network,The most scientifically tested remote viewer in history — over 450 operational intelligence missions for the US government.,Joe McMoneagle,15,WebSite|BreadcrumbList|ListItem|Person,True,False,False,False,False,https://frqncy.network/og-image.png,8,4,2026-04-24,2026-04-29
people,people/joshua-fields-millburn/,https://frqncy.network/people/joshua-fields-millburn/,Joshua Fields Millburn — FRQNCY Network,"Writer and co-founder of The Minimalists with Ryan Nicodemus. Their books, podcast, and Netflix documentaries have shaped how a generation thinks about own",Joshua Fields Millburn,165,WebSite|BreadcrumbList|ListItem|Person,True,False,False,False,False,https://frqncy.network/og-image.png,8,5,2026-04-24,2026-04-29
people,people/karen-curry-parker/,https://frqncy.network/people/karen-curry-parker/,Karen Curry Parker — FRQNCY Network,Reimagined the language of Human Design to be more empowering and less mechanical. Her Quantum Human Design reframes traditional HD language — &#39;Manifestor&#39;,Karen Curry Parker,17,WebSite|BreadcrumbList|ListItem|Person,True,False,False,False,False,https://frqncy.network/og-image.png,8,4,2026-04-24,2026-04-29
people,people/kevin-trudeau/,https://frqncy.network/people/kevin-trudeau/,Kevin Trudeau — FRQNCY Network,Teacher and author whose work on the Law of Attraction (Your Wish Is Your Command) and hidden knowledge (Natural Cures) has reached millions. A controversi,Kevin Trudeau,77,WebSite|BreadcrumbList|ListItem|Person,True,False,False,False,False,https://frqncy.network/og-image.png,8,6,2026-04-24,2026-04-29
people,people/krista-tippett/,https://frqncy.network/people/krista-tippett/,Krista Tippett — FRQNCY Network,"Host of On Being — the Peabody-winning radio show and podcast where the biggest questions (what it means to be human, how we live together, what matters in",Krista Tippett,41,WebSite|BreadcrumbList|ListItem|Person,True,False,False,False,False,https://frqncy.network/og-image.png,8,5,2026-04-24,2026-04-29
people,people/lao-tzu/,https://frqncy.network/people/lao-tzu/,Lao Tzu — FRQNCY Network,"The legendary sage whose Tao Te Ching, composed in ancient China, founded Taoism and gave the world one of its deepest wisdom texts — a guide to flowing wi",Lao Tzu,204,WebSite|BreadcrumbList|ListItem|Person,True,False,False,False,False,https://frqncy.network/og-image.png,9,6,2026-04-24,2026-04-29
people,people/lyn-alden/,https://frqncy.network/people/lyn-alden/,Lyn Alden — FRQNCY Network,The clearest macro analyst covering Bitcoin as an emerging monetary network. Her long-form research bridges traditional finance and the new monetary paradi,Lyn Alden,16,WebSite|BreadcrumbList|ListItem|Person,True,False,False,False,False,https://frqncy.network/og-image.png,8,4,2026-04-24,2026-04-29
people,people/malcolm-gladwell/,https://frqncy.network/people/malcolm-gladwell/,Malcolm Gladwell — FRQNCY Network,"The New Yorker staff writer and author (Outliers, The Tipping Point, Blink) who defines the contemporary art of finding the story inside the research. A ma",Malcolm Gladwell,38,WebSite|BreadcrumbList|ListItem|Person,True,False,False,False,False,https://frqncy.network/og-image.png,8,5,2026-04-24,2026-04-29
people,people/manly-p-hall/,https://frqncy.network/people/manly-p-hall/,Manly P. Hall — FRQNCY Network,American esoteric scholar whose Secret Teachings of All Ages (1928) attempted to map the entire Western wisdom tradition in one volume. His Philosophical R,Manly P. Hall,36,WebSite|BreadcrumbList|ListItem|Person,True,False,False,False,False,https://frqncy.network/og-image.png,8,5,2026-04-24,2026-04-29
people,people/marshall-rosenberg/,https://frqncy.network/people/marshall-rosenberg/,Marshall Rosenberg — FRQNCY Network,The creator of Nonviolent Communication. His work underpins almost all modern conflict resolution.,Marshall Rosenberg,53,WebSite|BreadcrumbList|ListItem|Person,True,False,False,False,False,https://frqncy.network/og-image.png,8,5,2026-04-24,2026-04-29
people,people/masaru-emoto/,https://frqncy.network/people/masaru-emoto/,Masaru Emoto — FRQNCY Network,"Japanese researcher whose work with water crystals demonstrated the responsiveness of water to thought, word, and intention. His photographic records chang",Masaru Emoto,106,WebSite|BreadcrumbList|ListItem|Person,True,False,False,False,False,https://frqncy.network/og-image.png,9,7,2026-04-24,2026-04-29
people,people/michael-a-singer/,https://frqncy.network/people/michael-a-singer/,Michael A. Singer — FRQNCY Network,Author of The Untethered Soul and The Surrender Experiment — books that map the practice of letting go as a path to the direct experience of consciousness.,Michael A. Singer,72,WebSite|BreadcrumbList|ListItem|Person,True,False,False,False,False,https://frqncy.network/og-image.png,8,6,2026-04-24,2026-04-29
people,people/michael-pollan/,https://frqncy.network/people/michael-pollan/,Michael Pollan — FRQNCY Network,"The writer who reshaped public conversation around food, agriculture, and — with How to Change Your Mind — psychedelic medicine. Rigorous, readable, and re",Michael Pollan,236,WebSite|BreadcrumbList|ListItem|Person,True,False,False,False,False,https://frqncy.network/og-image.png,10,7,2026-04-24,2026-04-29
people,people/napoleon-hill/,https://frqncy.network/people/napoleon-hill/,Napoleon Hill — FRQNCY Network,"The 20th-century writer whose Think and Grow Rich, drawn from interviews with Carnegie, Edison, and hundreds of other successful figures, remains the most-",Napoleon Hill,272,WebSite|BreadcrumbList|ListItem|Person,True,False,False,False,False,https://frqncy.network/og-image.png,9,7,2026-04-24,2026-04-29
people,people/naval-ravikant/,https://frqncy.network/people/naval-ravikant/,Naval Ravikant — FRQNCY Network,"Founder of AngelList and a philosopher of wealth, happiness, and leverage. His body of aphorisms and long-form conversations is one of the most-quoted bodi",Naval Ravikant,46,WebSite|BreadcrumbList|ListItem|Person,True,False,False,False,False,https://frqncy.network/og-image.png,8,5,2026-04-24,2026-04-29
people,people/neville-goddard/,https://frqncy.network/people/neville-goddard/,Neville Goddard — FRQNCY Network,20th-century mystic whose teachings on imagination as the creative force — &#39;imagining creates reality&#39; — form one of the deepest wells of the contemporary,Neville Goddard,671,WebSite|BreadcrumbList|ListItem|Person,True,False,False,False,False,https://frqncy.network/og-image.png,10,18,2026-04-24,2026-04-29
people,people/osho/,https://frqncy.network/people/osho/,Osho — FRQNCY Network,One of the most prolific and radical spiritual teachers of the 20th century. Created hundreds of meditation techniques — including Dynamic Meditation — des,Osho,182,WebSite|BreadcrumbList|ListItem|Person,True,False,False,False,False,https://frqncy.network/og-image.png,9,4,2026-04-24,2026-04-29
people,people/paramhansa-yogananda/,https://frqncy.network/people/paramhansa-yogananda/,Paramhansa Yogananda — FRQNCY Network,"The master who brought Kriya Yoga to the West, and whose Autobiography of a Yogi remains one of the most influential spiritual autobiographies ever written",Paramhansa Yogananda,290,WebSite|BreadcrumbList|ListItem|Person,True,False,False,False,False,https://frqncy.network/og-image.png,10,6,2026-04-24,2026-04-29
people,people/paul-graham/,https://frqncy.network/people/paul-graham/,Paul Graham — FRQNCY Network,Co-founder of Y Combinator and the essayist whose writings shaped a generation of builders. Clarity of thought in service of making things that matter. Sta,Paul Graham,41,WebSite|BreadcrumbList|ListItem|Person,True,False,False,False,False,https://frqncy.network/og-image.png,8,5,2026-04-24,2026-04-29
people,people/paul-selig/,https://frqncy.network/people/paul-selig/,Paul Selig — FRQNCY Network,"Contemporary channel whose transmissions from the Guides — published as a series of dictated books — cover incarnation, the true self, and the coming colle",Paul Selig,70,WebSite|BreadcrumbList|ListItem|Person,True,False,False,False,False,https://frqncy.network/og-image.png,8,6,2026-04-24,2026-04-29
people,people/peter-drucker/,https://frqncy.network/people/peter-drucker/,Peter Drucker — FRQNCY Network,"The father of modern management. His decades of writing shaped how organisations everywhere think about purpose, the customer, and the knowledge worker. Th",Peter Drucker,70,WebSite|BreadcrumbList|ListItem|Person,True,False,False,False,False,https://frqncy.network/og-image.png,8,6,2026-04-24,2026-04-29
people,people/peter-wohlleben/,https://frqncy.network/people/peter-wohlleben/,Peter Wohlleben — FRQNCY Network,"German forester and author whose Hidden Life of Trees revealed the communication, support, and social life of forests — science written with the wonder of",Peter Wohlleben,186,WebSite|BreadcrumbList|ListItem|Person,True,False,False,False,False,https://frqncy.network/og-image.png,9,5,2026-04-24,2026-04-29
people,people/pt-barnum/,https://frqncy.network/people/pt-barnum/,P.T. Barnum — FRQNCY Network,"American showman, businessman, and civic figure best known for founding what became the Barnum &amp; Bailey Circus — and, later in life, for his 1880 lecture a",P.T. Barnum,321,WebSite|BreadcrumbList|ListItem|Person,True,False,False,False,False,https://frqncy.network/og-image.png,9,5,2026-04-25,2026-04-29
people,people/ra-uru-hu/,https://frqncy.network/people/ra-uru-hu/,Ra Uru Hu — FRQNCY Network,"Born Alan Robert Krakower, Ra Uru Hu received the Human Design transmission in 1987 on Ibiza. He spent the rest of his life codifying and teaching the syst",Ra Uru Hu,159,WebSite|BreadcrumbList|ListItem|Person,True,False,False,False,False,https://frqncy.network/og-image.png,8,4,2026-04-24,2026-04-29
people,people/randall-carlson/,https://frqncy.network/people/randall-carlson/,Randall Carlson — FRQNCY Network,Researcher and geometrician mapping the cosmic catastrophes that shaped human history — Hancock&#39;s key collaborator.,Randall Carlson,16,WebSite|BreadcrumbList|ListItem|Person,True,False,False,False,False,https://frqncy.network/og-image.png,8,4,2026-04-24,2026-04-29
people,people/rhonda-byrne/,https://frqncy.network/people/rhonda-byrne/,Rhonda Byrne — FRQNCY Network,"Author whose 2006 book The Secret brought the Law of Attraction into mainstream culture. Her subsequent works on gratitude, love, and manifestation have so",Rhonda Byrne,93,WebSite|BreadcrumbList|ListItem|Person,True,False,False,False,False,https://frqncy.network/og-image.png,8,7,2026-04-24,2026-04-29
people,people/richard-dawkins/,https://frqncy.network/people/richard-dawkins/,Richard Dawkins — FRQNCY Network,"Evolutionary biologist whose Selfish Gene (1976) reshaped how we think about life, cooperation, and altruism. One of the sharpest thinkers of the gene&#39;s-ey",Richard Dawkins,42,WebSite|BreadcrumbList|ListItem|Person,True,False,False,False,False,https://frqncy.network/og-image.png,8,5,2026-04-24,2026-04-29
people,people/robin-wall-kimmerer/,https://frqncy.network/people/robin-wall-kimmerer/,Robin Wall Kimmerer — FRQNCY Network,"Potawatomi botanist whose Braiding Sweetgrass weaves indigenous wisdom with Western botany. A meditation on gratitude, reciprocity, and the grammar of bein",Robin Wall Kimmerer,230,WebSite|BreadcrumbList|ListItem|Person,True,False,False,False,False,https://frqncy.network/og-image.png,11,5,2026-04-24,2026-04-29
people,people/roger-ebert/,https://frqncy.network/people/roger-ebert/,Roger Ebert — FRQNCY Network,"The film critic who elevated popular movie criticism to literature. His reviews, published from 1967 until his death in 2013, remain the clearest record of",Roger Ebert,43,WebSite|BreadcrumbList|ListItem|Person,True,False,False,False,False,https://frqncy.network/og-image.png,8,5,2026-04-24,2026-04-29
people,people/rupert-sheldrake/,https://frqncy.network/people/rupert-sheldrake/,Rupert Sheldrake — FRQNCY Network,Cambridge-trained biologist whose theory of morphic resonance proposes that nature has memory — fields through which pattern and habit propagate. A serious,Rupert Sheldrake,35,WebSite|BreadcrumbList|ListItem|Person,True,False,False,False,False,https://frqncy.network/og-image.png,8,5,2026-04-24,2026-04-29
people,people/rupert-spira/,https://frqncy.network/people/rupert-spira/,Rupert Spira — FRQNCY Network,"One of the clearest contemporary teachers of non-dual awareness — his books, videos, and retreats are exceptional.",Rupert Spira,31,WebSite|BreadcrumbList|ListItem|Person,True,False,False,False,False,https://frqncy.network/og-image.png,9,4,2026-04-24,2026-04-29
people,people/ryan-holiday/,https://frqncy.network/people/ryan-holiday/,Ryan Holiday — FRQNCY Network,"Modern populariser of Stoic philosophy whose books (The Obstacle Is the Way, Ego Is the Enemy) and Daily Stoic newsletter have brought Marcus Aurelius and",Ryan Holiday,43,WebSite|BreadcrumbList|ListItem|Person,True,False,False,False,False,https://frqncy.network/og-image.png,8,5,2026-04-24,2026-04-29
people,people/ryan-nicodemus/,https://frqncy.network/people/ryan-nicodemus/,Ryan Nicodemus — FRQNCY Network,Co-founder of The Minimalists with Joshua Fields Millburn. His &#39;packing party&#39; experiment — boxing up everything he owned to rediscover what mattered — bec,Ryan Nicodemus,36,WebSite|BreadcrumbList|ListItem|Person,True,False,False,False,False,https://frqncy.network/og-image.png,8,5,2026-04-24,2026-04-29
people,people/ryan-sean-adams/,https://frqncy.network/people/ryan-sean-adams/,Ryan Sean Adams — FRQNCY Network,"Co-founder of Bankless with David Hoffman. An ex-banker turned Ethereum advocate, he hosts the leading daily podcast and newsletter on decentralised financ",Ryan Sean Adams,53,WebSite|BreadcrumbList|ListItem|Person,True,False,False,False,False,https://frqncy.network/og-image.png,9,5,2026-04-24,2026-04-29
people,people/sadhguru/,https://frqncy.network/people/sadhguru/,Sadhguru — FRQNCY Network,"Yogi, mystic, and founder of the Isha Foundation. His Inner Engineering programme has transmitted classical yoga to millions — direct, uncompromising, and",Sadhguru,43,WebSite|BreadcrumbList|ListItem|Person,True,False,False,False,False,https://frqncy.network/og-image.png,8,5,2026-04-24,2026-04-29
people,people/sai-maa/,https://frqncy.network/people/sai-maa/,Sai Maa — FRQNCY Network,"H.H. Sai Maa — spiritual master, humanitarian, and initiator of Shaktipat transmission. Her work bridges Eastern wisdom and Western neuroscience in transfo",Sai Maa,13,WebSite|BreadcrumbList|ListItem|Person,True,False,False,False,False,https://frqncy.network/og-image.png,8,4,2026-04-24,2026-04-29
people,people/sarah-medical-intuitive/,https://frqncy.network/people/sarah-medical-intuitive/,Sarah (Medical Intuitive) — FRQNCY Network,Certified Medical Intuitive and Quantum Healer with over 20 years of practice. Sarah reads the energetic and soul-level patterns underlying physical illnes,Sarah (Medical Intuitive),17,WebSite|BreadcrumbList|ListItem|Person,True,False,False,False,False,https://frqncy.network/og-image.png,8,4,2026-04-24,2026-04-29
people,people/satoshi-nakamoto/,https://frqncy.network/people/satoshi-nakamoto/,Satoshi Nakamoto — FRQNCY Network,"The pseudonymous creator of Bitcoin. In 2008 an anonymous figure posted a 9-page whitepaper and released the software; in 2011 they vanished, leaving the n",Satoshi Nakamoto,185,WebSite|BreadcrumbList|ListItem|Person,True,False,False,False,False,https://frqncy.network/og-image.png,9,5,2026-04-24,2026-04-29
people,people/sean-carroll/,https://frqncy.network/people/sean-carroll/,Sean Carroll — FRQNCY Network,"Theoretical physicist working on quantum mechanics, cosmology, and the foundations of reality. His books (Something Deeply Hidden, The Big Picture) and Min",Sean Carroll,83,WebSite|BreadcrumbList|ListItem|Person,True,False,False,False,False,https://frqncy.network/og-image.png,9,6,2026-04-24,2026-04-29
people,people/sri-swami-satchidananda/,https://frqncy.network/people/sri-swami-satchidananda/,Sri Swami Satchidananda — FRQNCY Network,The yogi who opened Woodstock in 1969 and founded Integral Yoga — a synthesis of yoga&#39;s major paths. His commentaries on the Yoga Sutras and the Bhagavad G,Sri Swami Satchidananda,69,WebSite|BreadcrumbList|ListItem|Person,True,False,False,False,False,https://frqncy.network/og-image.png,8,6,2026-04-24,2026-04-29
people,people/steven-greer/,https://frqncy.network/people/steven-greer/,Steven Greer — FRQNCY Network,"Former emergency physician who founded The Disclosure Project in 1993 — bringing hundreds of military, intelligence, and government witnesses forward to te",Steven Greer,40,WebSite|BreadcrumbList|ListItem|Person,True,False,False,False,False,https://frqncy.network/og-image.png,8,5,2026-04-24,2026-04-29
people,people/sugata-mitra/,https://frqncy.network/people/sugata-mitra/,Sugata Mitra — FRQNCY Network,British-Indian education researcher whose Hole in the Wall experiments — placing internet-connected computers in Indian slum walls with no instruction — de,Sugata Mitra,41,WebSite|BreadcrumbList|ListItem|Person,True,False,False,False,False,https://frqncy.network/og-image.png,8,5,2026-04-24,2026-04-29
people,people/swami-kriyananda/,https://frqncy.network/people/swami-kriyananda/,Swami Kriyananda — FRQNCY Network,Direct disciple of Paramhansa Yogananda who founded the Ananda communities — living examples of Yogananda&#39;s vision of spiritual cooperative living. Author,Swami Kriyananda,41,WebSite|BreadcrumbList|ListItem|Person,True,False,False,False,False,https://frqncy.network/og-image.png,8,5,2026-04-24,2026-04-29
people,people/swami-muktananda/,https://frqncy.network/people/swami-muktananda/,Swami Muktananda — FRQNCY Network,Indian siddha yogi who founded Siddha Yoga and brought the experience of Shaktipat — direct transmission of spiritual energy — to generations of seekers. H,Swami Muktananda,105,WebSite|BreadcrumbList|ListItem|Person,True,False,False,False,False,https://frqncy.network/og-image.png,8,7,2026-04-24,2026-04-29
people,people/sylvia-earle/,https://frqncy.network/people/sylvia-earle/,Sylvia Earle — FRQNCY Network,"The legendary oceanographer known as Her Deepness — former chief scientist of NOAA, founder of Mission Blue, and one of the most visible voices for ocean c",Sylvia Earle,34,WebSite|BreadcrumbList|ListItem|Person,True,False,False,False,False,https://frqncy.network/og-image.png,8,5,2026-04-24,2026-04-29
people,people/thich-nhat-hanh/,https://frqncy.network/people/thich-nhat-hanh/,Thich Nhat Hanh — FRQNCY Network,"Zen master, peace activist, and the teacher who gave the West its most accessible entry into mindfulness. His presence in a single sentence is a whole prac",Thich Nhat Hanh,38,WebSite|BreadcrumbList|ListItem|Person,True,False,False,False,False,https://frqncy.network/og-image.png,8,5,2026-04-24,2026-04-29
people,people/three-initiates/,https://frqncy.network/people/three-initiates/,Three Initiates — FRQNCY Network,"Pseudonymous authors of The Kybalion (1908), the modern distillation of seven Hermetic principles — mentalism, correspondence, vibration, polarity, rhythm,",Three Initiates,192,WebSite|BreadcrumbList|ListItem|Person,True,False,False,False,False,https://frqncy.network/og-image.png,9,5,2026-04-24,2026-04-29
people,people/viktor-frankl/,https://frqncy.network/people/viktor-frankl/,Viktor Frankl — FRQNCY Network,Austrian psychiatrist and Auschwitz survivor whose Man&#39;s Search for Meaning gave the 20th century its clearest case for the primacy of meaning in human lif,Viktor Frankl,41,WebSite|BreadcrumbList|ListItem|Person,True,False,False,False,False,https://frqncy.network/og-image.png,8,5,2026-04-24,2026-04-29
people,people/vitalik-buterin/,https://frqncy.network/people/vitalik-buterin/,Vitalik Buterin — FRQNCY Network,"Co-founder of Ethereum and one of the clearest thinkers writing at the intersection of cryptography, economics, and governance. His essays are the primary",Vitalik Buterin,214,WebSite|BreadcrumbList|ListItem|Person,True,False,False,False,False,https://frqncy.network/og-image.png,9,6,2026-04-24,2026-04-29
people,people/walter-isaacson/,https://frqncy.network/people/walter-isaacson/,Walter Isaacson — FRQNCY Network,"The biographer who brought the inner lives of Einstein, Steve Jobs, Benjamin Franklin, Leonardo da Vinci, and Jennifer Doudna into clear, human-scale prose",Walter Isaacson,39,WebSite|BreadcrumbList|ListItem|Person,True,False,False,False,False,https://frqncy.network/og-image.png,8,5,2026-04-24,2026-04-29
places,places/,https://frqncy.network/places/,Places — FRQNCY Network,1 places curated on the FRQNCY network.,Places,25,WebSite|ListItem|CollectionPage|ItemList,False,False,False,False,False,https://frqncy.network/og-image.png,7,3,2026-04-24,2026-04-29
places,places/auroville/,https://frqncy.network/places/auroville/,Auroville — FRQNCY Network,"A universal city in southern India, founded 1968 to embody human unity. Inspired by Sri Aurobindo and The Mother. Endorsed by UNESCO. An active experiment in voluntary, post-national community.",Auroville,288,WebSite|Place|ListItem|BreadcrumbList,True,False,False,False,False,https://frqncy.network/og-image.png,25,4,2026-04-27,2026-04-27
places,places/esalen/,https://frqncy.network/places/esalen/,Esalen Institute — FRQNCY Network,"Founded 1962 on the Big Sur cliffs. The hub of the human potential movement — where Gestalt, somatics, encounter groups, and east-meets-west consciousness work were forged. Hot springs, workshops, ret",Esalen Institute,292,WebSite|Place|ListItem|BreadcrumbList,True,False,False,False,False,https://frqncy.network/og-image.png,27,4,2026-04-27,2026-04-27
places,places/findhorn/,https://frqncy.network/places/findhorn/,Findhorn Foundation — FRQNCY Network,"A spiritual community and ecovillage on the Scottish coast, founded 1962. Famed for the early gardens grown 'in cooperation with the intelligence of nature' and now a working model of regenerative liv",Findhorn Foundation,255,WebSite|Place|ListItem|BreadcrumbList,True,False,False,False,False,https://frqncy.network/og-image.png,26,4,2026-04-27,2026-04-27
places,places/intaaya/,https://frqncy.network/places/intaaya/,Intaaya — FRQNCY Network,"Regenerative retreat sanctuary on Nusa Penida, near Bali. Off-grid, farm-to-table, living to the rhythm of nature. A living example of the Sanctuary pillar",Intaaya,172,WebSite|Place|ListItem|BreadcrumbList,True,False,False,False,False,https://frqncy.network/og-image.png,19,4,2026-04-24,2026-04-29
places,places/monroe-institute/,https://frqncy.network/places/monroe-institute/,The Monroe Institute — FRQNCY Network,Founded 1971 in the Blue Ridge foothills of Virginia. The world's leading institute for the structured exploration of consciousness — the home of Hemi-Sync audio technology and the Gateway Voyage prog,The Monroe Institute,339,WebSite|Place|ListItem|BreadcrumbList,True,False,False,False,False,https://frqncy.network/og-image.png,25,4,2026-04-28,2026-04-28
places,places/plum-village/,https://frqncy.network/places/plum-village/,Plum Village — FRQNCY Network,"Thich Nhat Hanh's mindfulness practice centre, founded 1982 in the south of France. The home of Engaged Buddhism in the West — slow walks, silent meals, the bell of mindfulness.",Plum Village,223,WebSite|Place|ListItem|BreadcrumbList,True,False,False,False,False,https://frqncy.network/og-image.png,24,4,2026-04-27,2026-04-27
places,places/schumacher-college/,https://frqncy.network/places/schumacher-college/,Schumacher College — FRQNCY Network,"A holistic learning centre founded 1990 on the Dartington estate in Devon. Named for E.F. Schumacher, author of Small Is Beautiful. Ecology, systems thinking, regenerative economics taught with hands ",Schumacher College,248,WebSite|Place|ListItem|BreadcrumbList,True,False,False,False,False,https://frqncy.network/og-image.png,25,4,2026-04-27,2026-04-27
places,places/tassajara/,https://frqncy.network/places/tassajara/,Tassajara Zen Mountain Center — FRQNCY Network,"The first Zen Buddhist monastery established in the West, founded 1967 in a remote Big Sur canyon. Hot springs, silence, traditional Soto Zen training. Home of the Tassajara Bread Book.",Tassajara Zen Mountain Center,270,WebSite|Place|ListItem|BreadcrumbList,True,False,False,False,False,https://frqncy.network/og-image.png,24,4,2026-04-27,2026-04-27
media,media/,https://frqncy.network/media/,Media — FRQNCY Network,74 media curated on the FRQNCY network.,Media,1567,WebSite|ListItem|CollectionPage|ItemList,False,False,False,False,False,https://frqncy.network/og-image.png,7,3,2026-04-24,2026-04-29
media,media/3blue1brown/,https://frqncy.network/media/3blue1brown/,3Blue1Brown — FRQNCY Network,"The most beautiful mathematics channel on the internet. Visual, intuitive, profound.",3Blue1Brown,20,CreativeWork|WebSite|ListItem|BreadcrumbList,True,False,False,False,False,https://frqncy.network/og-image.png,10,4,2026-04-24,2026-04-29
media,media/a-force-more-powerful/,https://frqncy.network/media/a-force-more-powerful/,A Force More Powerful — FRQNCY Network,Documentary on how nonviolent movements have overcome dictators and occupations throughout history.,A Force More Powerful,16,CreativeWork|WebSite|ListItem|BreadcrumbList,True,False,False,False,False,https://frqncy.network/og-image.png,9,4,2026-04-24,2026-04-29
media,media/african-diaspora-news-channel/,https://frqncy.network/media/african-diaspora-news-channel/,African Diaspora News Channel — FRQNCY Network,News and culture from across the African diaspora. Connecting communities across borders.,African Diaspora News Channel,15,CreativeWork|WebSite|ListItem|BreadcrumbList,True,False,False,False,False,https://frqncy.network/og-image.png,9,4,2026-04-24,2026-04-29
media,media/american-theatre-magazine/,https://frqncy.network/media/american-theatre-magazine/,American Theatre Magazine — FRQNCY Network,"The journal of record for American theatre. Reviews, essays, and playwright interviews.",American Theatre Magazine,16,CreativeWork|WebSite|ListItem|BreadcrumbList,True,False,False,False,False,https://frqncy.network/og-image.png,9,4,2026-04-24,2026-04-29
media,media/ancient-apocalypse-netflix/,https://frqncy.network/media/ancient-apocalypse-netflix/,Ancient Apocalypse (Netflix) — FRQNCY Network,Hancock&#39;s documentary series presenting evidence for a highly developed civilisation lost to catastrophe at the end of the last Ice Age.,Ancient Apocalypse (Netflix),16,CreativeWork|WebSite|ListItem|BreadcrumbList,True,False,False,False,False,https://frqncy.network/og-image.png,9,4,2026-04-24,2026-04-29
media,media/archdaily/,https://frqncy.network/media/archdaily/,ArchDaily — FRQNCY Network,"The world&#39;s most visited architecture website. Projects, products, and ideas from every corner of the planet.",ArchDaily,18,CreativeWork|WebSite|ListItem|BreadcrumbList,True,False,False,False,False,https://frqncy.network/og-image.png,9,4,2026-04-24,2026-04-29
media,media/arxiv-astrophysics/,https://frqncy.network/media/arxiv-astrophysics/,arXiv astrophysics — FRQNCY Network,"Preprint papers from the cutting edge of astrophysics — free, immediate, unfiltered.",arXiv astrophysics,17,CreativeWork|WebSite|ListItem|BreadcrumbList,True,False,False,False,False,https://frqncy.network/og-image.png,9,4,2026-04-24,2026-04-29
media,media/bankless/,https://frqncy.network/media/bankless/,Bankless — FRQNCY Network,"The leading crypto media and podcast network — covering Ethereum, DeFi, and the broader move toward a bankless financial system.",Bankless,28,CreativeWork|WebSite|ListItem|BreadcrumbList,True,False,False,False,False,https://frqncy.network/og-image.png,12,4,2026-04-24,2026-04-29
media,media/bioenergy-international/,https://frqncy.network/media/bioenergy-international/,Bioenergy International — FRQNCY Network,"Global news on biomass, biogas, and liquid biofuel industries and policy.",Bioenergy International,19,CreativeWork|WebSite|ListItem|BreadcrumbList,True,False,False,False,False,https://frqncy.network/og-image.png,9,4,2026-04-24,2026-04-29
media,media/bob-lazar-area-51-flying-saucers-documentary/,https://frqncy.network/media/bob-lazar-area-51-flying-saucers-documentary/,Bob Lazar: Area 51 &amp; Flying Saucers (Documentary) — FRQNCY Network,Jeremy Corbell&#39;s documentary on Bob Lazar — the physicist who claims to have worked on reverse-engineering alien propulsion at S-4 near Area 51.,Bob Lazar: Area 51 &amp; Flying Saucers (Documentary),16,CreativeWork|WebSite|ListItem|BreadcrumbList,True,False,False,False,False,https://frqncy.network/og-image.png,9,4,2026-04-24,2026-04-29
media,media/boston-dynamics-blog/,https://frqncy.network/media/boston-dynamics-blog/,Boston Dynamics Blog — FRQNCY Network,Behind-the-scenes look at the most advanced robotics lab on Earth.,Boston Dynamics Blog,16,CreativeWork|WebSite|ListItem|BreadcrumbList,True,False,False,False,False,https://frqncy.network/og-image.png,9,4,2026-04-24,2026-04-29
media,media/business-of-fashion/,https://frqncy.network/media/business-of-fashion/,Business of Fashion — FRQNCY Network,"The most respected media platform in the fashion industry. Critical, global, and rigorous.",Business of Fashion,16,CreativeWork|WebSite|ListItem|BreadcrumbList,True,False,False,False,False,https://frqncy.network/og-image.png,9,4,2026-04-24,2026-04-29
media,media/carbon-brief/,https://frqncy.network/media/carbon-brief/,Carbon Brief — FRQNCY Network,"The best data journalism on climate science and policy. Rigorous, visual, and unafraid of complexity.",Carbon Brief,17,CreativeWork|WebSite|ListItem|BreadcrumbList,True,False,False,False,False,https://frqncy.network/og-image.png,9,4,2026-04-24,2026-04-29
media,media/chemistry-world/,https://frqncy.network/media/chemistry-world/,Chemistry World — FRQNCY Network,The RSC&#39;s flagship magazine — making chemistry compelling and accessible.,Chemistry World,20,CreativeWork|WebSite|ListItem|BreadcrumbList,True,False,False,False,False,https://frqncy.network/og-image.png,9,4,2026-04-24,2026-04-29
media,media/crispr-journal/,https://frqncy.network/media/crispr-journal/,CRISPR Journal — FRQNCY Network,Peer-reviewed research on CRISPR gene editing — the most consequential technology in modern biology.,CRISPR Journal,16,CreativeWork|WebSite|ListItem|BreadcrumbList,True,False,False,False,False,https://frqncy.network/og-image.png,9,4,2026-04-24,2026-04-29
media,media/cunningham/,https://frqncy.network/media/cunningham/,Cunningham — FRQNCY Network,Documentary on Merce Cunningham — the choreographer who separated dance from music and narrative. A revelation.,Cunningham,15,CreativeWork|WebSite|ListItem|BreadcrumbList,True,False,False,False,False,https://frqncy.network/og-image.png,9,4,2026-04-24,2026-04-29
media,media/cymaticsorg/,https://frqncy.network/media/cymaticsorg/,Cymatics.org — FRQNCY Network,The visual science of how sound shapes matter. Video experiments showing vibration made visible.,Cymatics.org,16,CreativeWork|WebSite|ListItem|BreadcrumbList,True,False,False,False,False,https://frqncy.network/og-image.png,9,4,2026-04-24,2026-04-29
media,media/decrypt/,https://frqncy.network/media/decrypt/,Decrypt — FRQNCY Network,"Accessible, well-edited crypto news covering everything from Bitcoin price action to NFT culture and Web3 policy.",Decrypt,16,CreativeWork|WebSite|ListItem|BreadcrumbList,True,False,False,False,False,https://frqncy.network/og-image.png,9,4,2026-04-24,2026-04-29
media,media/emergence-magazine/,https://frqncy.network/media/emergence-magazine/,Emergence Magazine — FRQNCY Network,"A journal of ecology, culture, and spirituality — perhaps the most beautiful magazine being made today.",Emergence Magazine,20,CreativeWork|WebSite|ListItem|BreadcrumbList,True,False,False,False,False,https://frqncy.network/og-image.png,9,4,2026-04-24,2026-04-29
media,media/energy-policy-journal/,https://frqncy.network/media/energy-policy-journal/,Energy Policy journal — FRQNCY Network,"The leading peer-reviewed journal on energy policy. Covers economics, environment, and social dimensions.",Energy Policy journal,17,CreativeWork|WebSite|ListItem|BreadcrumbList,True,False,False,False,False,https://frqncy.network/og-image.png,9,4,2026-04-24,2026-04-29
media,media/energy-storage-news/,https://frqncy.network/media/energy-storage-news/,Energy Storage News — FRQNCY Network,"Daily coverage of battery, flow, thermal, and mechanical storage technology and markets.",Energy Storage News,19,CreativeWork|WebSite|ListItem|BreadcrumbList,True,False,False,False,False,https://frqncy.network/og-image.png,9,4,2026-04-24,2026-04-29
media,media/forefront/,https://frqncy.network/media/forefront/,Forefront — FRQNCY Network,The leading media platform for the social token and DAO economy.,Forefront,12,CreativeWork|WebSite|ListItem|BreadcrumbList,True,False,False,False,False,https://frqncy.network/og-image.png,9,4,2026-04-24,2026-04-29
media,media/gwernnet/,https://frqncy.network/media/gwernnet/,Gwern.net — FRQNCY Network,"Deep, rigorous long-form research on AI, drugs, statistics, and more. One of the internet&#39;s best independent researchers.",Gwern.net,16,CreativeWork|WebSite|ListItem|BreadcrumbList,True,False,False,False,False,https://frqncy.network/og-image.png,10,4,2026-04-24,2026-04-29
media,media/happen-films/,https://frqncy.network/media/happen-films/,Happen Films — FRQNCY Network,Short films on permaculture projects around the world. Inspiring and practical.,Happen Films,15,CreativeWork|WebSite|ListItem|BreadcrumbList,True,False,False,False,False,https://frqncy.network/og-image.png,9,4,2026-04-24,2026-04-29
media,media/high-existence/,https://frqncy.network/media/high-existence/,High Existence — FRQNCY Network,"A community and media platform exploring consciousness, synchronicity, and intentional living.",High Existence,14,CreativeWork|WebSite|ListItem|BreadcrumbList,True,False,False,False,False,https://frqncy.network/og-image.png,9,4,2026-04-24,2026-04-29
media,media/hole-in-the-wall/,https://frqncy.network/media/hole-in-the-wall/,Hole in the Wall — FRQNCY Network,Children teaching themselves with just a computer and no teacher. Evidence for self-directed education.,Hole in the Wall,22,CreativeWork|WebSite|ListItem|BreadcrumbList,True,False,False,False,False,https://frqncy.network/og-image.png,10,4,2026-04-24,2026-04-29
media,media/huberman-lab/,https://frqncy.network/media/huberman-lab/,Huberman Lab — FRQNCY Network,"Neuroscience translated into practical tools for focus, sleep, and performance. The most accessible neuroscience podcast alive.",Huberman Lab,21,CreativeWork|WebSite|ListItem|BreadcrumbList,True,False,False,False,False,https://frqncy.network/og-image.png,10,4,2026-04-24,2026-04-29
media,media/ibiology/,https://frqncy.network/media/ibiology/,iBiology — FRQNCY Network,"Free biology talks from the world&#39;s leading researchers. Graduate-level, publicly accessible.",iBiology,20,CreativeWork|WebSite|ListItem|BreadcrumbList,True,False,False,False,False,https://frqncy.network/og-image.png,9,4,2026-04-24,2026-04-29
media,media/impactalpha/,https://frqncy.network/media/impactalpha/,ImpactAlpha — FRQNCY Network,Daily journalism on the business of building a more just and sustainable economy.,ImpactAlpha,15,CreativeWork|WebSite|ListItem|BreadcrumbList,True,False,False,False,False,https://frqncy.network/og-image.png,9,4,2026-04-24,2026-04-29
media,media/lucky-peach-archive/,https://frqncy.network/media/lucky-peach-archive/,Lucky Peach Archive — FRQNCY Network,"The best food magazine ever published. Now archived online. Deep, beautiful, funny, serious.",Lucky Peach Archive,16,CreativeWork|WebSite|ListItem|BreadcrumbList,True,False,False,False,False,https://frqncy.network/og-image.png,9,4,2026-04-24,2026-04-29
media,media/mcsweeneys-internet-tendency/,https://frqncy.network/media/mcsweeneys-internet-tendency/,McSweeney&#39;s Internet Tendency — FRQNCY Network,The most consistently funny literary humour on the internet. Dave Eggers&#39; gift to comic writing.,McSweeney&#39;s Internet Tendency,20,CreativeWork|WebSite|ListItem|BreadcrumbList,True,False,False,False,False,https://frqncy.network/og-image.png,9,4,2026-04-24,2026-04-29
media,media/messari-ai-tokens-research/,https://frqncy.network/media/messari-ai-tokens-research/,Messari — AI Tokens Research — FRQNCY Network,"Independent research on the AI x crypto intersection — protocols, token models, and the infrastructure layer emerging beneath decentralised intelligence.",Messari — AI Tokens Research,16,CreativeWork|WebSite|ListItem|BreadcrumbList,True,False,False,False,False,https://frqncy.network/og-image.png,9,4,2026-04-24,2026-04-29
media,media/messari/,https://frqncy.network/media/messari/,Messari — FRQNCY Network,"Professional-grade crypto research and intelligence. The go-to for serious market analysis, protocol breakdowns, and sector reports.",Messari,16,CreativeWork|WebSite|ListItem|BreadcrumbList,True,False,False,False,False,https://frqncy.network/og-image.png,9,4,2026-04-24,2026-04-29
media,media/mit-technology-review/,https://frqncy.network/media/mit-technology-review/,MIT Technology Review — FRQNCY Network,"The most credible technology journalism alive. Founded 1899, still the most respected.",MIT Technology Review,18,CreativeWork|WebSite|ListItem|BreadcrumbList,True,False,False,False,False,https://frqncy.network/og-image.png,9,4,2026-04-24,2026-04-29
media,media/nasa-astronomy-picture-of-the-day/,https://frqncy.network/media/nasa-astronomy-picture-of-the-day/,NASA Astronomy Picture of the Day — FRQNCY Network,A new image of the cosmos every day with an expert explanation. One of the internet&#39;s oldest and best daily rituals.,NASA Astronomy Picture of the Day,34,CreativeWork|WebSite|ListItem|BreadcrumbList,True,False,False,False,False,https://frqncy.network/og-image.png,10,4,2026-04-24,2026-04-29
media,media/nasa-hubble-site/,https://frqncy.network/media/nasa-hubble-site/,NASA Hubble Site — FRQNCY Network,Decades of Hubble&#39;s most stunning imagery with full scientific context. Free and extraordinary.,NASA Hubble Site,18,CreativeWork|WebSite|ListItem|BreadcrumbList,True,False,False,False,False,https://frqncy.network/og-image.png,9,4,2026-04-24,2026-04-29
media,media/naval-ravikant-on-how-to-get-rich/,https://frqncy.network/media/naval-ravikant-on-how-to-get-rich/,Naval Ravikant on How to Get Rich — FRQNCY Network,A tweetstorm turned into a philosophy — one of the most compressed pieces of life advice online. Free.,Naval Ravikant on How to Get Rich,17,CreativeWork|WebSite|ListItem|BreadcrumbList,True,False,False,False,False,https://frqncy.network/og-image.png,10,4,2026-04-24,2026-04-29
media,media/non-duality-magazine/,https://frqncy.network/media/non-duality-magazine/,Non-duality Magazine — FRQNCY Network,"Essays, interviews, and pointers toward non-dual understanding from across traditions.",Non-duality Magazine,17,CreativeWork|WebSite|ListItem|BreadcrumbList,True,False,False,False,False,https://frqncy.network/og-image.png,9,4,2026-04-24,2026-04-29
media,media/nutritionfactsorg/,https://frqncy.network/media/nutritionfactsorg/,NutritionFacts.org — FRQNCY Network,"Free, peer-reviewed nutrition science translated into short daily videos. No supplements sold.",NutritionFacts.org,18,CreativeWork|WebSite|ListItem|BreadcrumbList,True,False,False,False,False,https://frqncy.network/og-image.png,9,4,2026-04-24,2026-04-29
media,media/on-being-with-krista-tippett-poetry-episodes/,https://frqncy.network/media/on-being-with-krista-tippett-poetry-episodes/,On Being with Krista Tippett — Poetry Episodes — FRQNCY Network,Conversations with living poets that reveal the spiritual dimension of language.,On Being with Krista Tippett — Poetry Episodes,18,CreativeWork|WebSite|ListItem|BreadcrumbList,True,False,False,False,False,https://frqncy.network/og-image.png,10,4,2026-04-24,2026-04-29
media,media/our-world-in-data-energy/,https://frqncy.network/media/our-world-in-data-energy/,Our World in Data — Energy — FRQNCY Network,"The clearest, most honest data on global energy systems — free, rigorously sourced, and beautifully visualised.",Our World in Data — Energy,18,CreativeWork|WebSite|ListItem|BreadcrumbList,True,False,False,False,False,https://frqncy.network/og-image.png,9,4,2026-04-24,2026-04-29
media,media/paul-graham-essays/,https://frqncy.network/media/paul-graham-essays/,Paul Graham Essays — FRQNCY Network,"Essays on startups, creativity, and thinking clearly — some of the most useful writing on building things.",Paul Graham Essays,17,CreativeWork|WebSite|ListItem|BreadcrumbList,True,False,False,False,False,https://frqncy.network/og-image.png,10,4,2026-04-24,2026-04-29
media,media/psychology-today/,https://frqncy.network/media/psychology-today/,Psychology Today — FRQNCY Network,"The most-read psychology publication in the world. Find therapists, read research summaries, explore every subfield.",Psychology Today,18,CreativeWork|WebSite|ListItem|BreadcrumbList,True,False,False,False,False,https://frqncy.network/og-image.png,9,4,2026-04-24,2026-04-29
media,media/quanta-magazine-quantum/,https://frqncy.network/media/quanta-magazine-quantum/,Quanta Magazine — Quantum — FRQNCY Network,"The clearest quantum physics reporting on the internet. No hype, just depth.",Quanta Magazine — Quantum,22,CreativeWork|WebSite|ListItem|BreadcrumbList,True,False,False,False,False,https://frqncy.network/og-image.png,9,4,2026-04-24,2026-04-29
media,media/quanta-magazine/,https://frqncy.network/media/quanta-magazine/,Quanta Magazine — FRQNCY Network,"The best science journalism on Earth — covering mathematics, physics, biology, and computing at the frontier.",Quanta Magazine,37,CreativeWork|WebSite|ListItem|BreadcrumbList,True,False,False,False,False,https://frqncy.network/og-image.png,10,4,2026-04-24,2026-04-29
media,media/reuters-institute-digital-news-report/,https://frqncy.network/media/reuters-institute-digital-news-report/,Reuters Institute Digital News Report — FRQNCY Network,"Annual global survey of how people find, use, and trust news. Essential data on the media landscape.",Reuters Institute Digital News Report,16,CreativeWork|WebSite|ListItem|BreadcrumbList,True,False,False,False,False,https://frqncy.network/og-image.png,9,4,2026-04-24,2026-04-29
media,media/robots-podcast/,https://frqncy.network/media/robots-podcast/,Robots Podcast — FRQNCY Network,Interviews with leading robotics researchers from around the world. Technical but accessible.,Robots Podcast,16,CreativeWork|WebSite|ListItem|BreadcrumbList,True,False,False,False,False,https://frqncy.network/og-image.png,9,4,2026-04-24,2026-04-29
media,media/roger-eberts-reviews/,https://frqncy.network/media/roger-eberts-reviews/,Roger Ebert&#39;s Reviews — FRQNCY Network,The complete archive of America&#39;s greatest film critic. Still the gold standard for how to write about movies.,Roger Ebert&#39;s Reviews,18,CreativeWork|WebSite|ListItem|BreadcrumbList,True,False,False,False,False,https://frqncy.network/og-image.png,10,4,2026-04-24,2026-04-29
media,media/rupert-sheldrakes-research/,https://frqncy.network/media/rupert-sheldrakes-research/,Rupert Sheldrake&#39;s Research — FRQNCY Network,"The morphic resonance hypothesis and other unconventional ideas about memory, fields, and nature.",Rupert Sheldrake&#39;s Research,15,CreativeWork|WebSite|ListItem|BreadcrumbList,True,False,False,False,False,https://frqncy.network/og-image.png,10,4,2026-04-24,2026-04-29
media,media/schneier-on-security/,https://frqncy.network/media/schneier-on-security/,Schneier on Security — FRQNCY Network,Bruce Schneier is the world&#39;s most respected security technologist. His blog is the clearest voice in the field.,Schneier on Security,19,CreativeWork|WebSite|ListItem|BreadcrumbList,True,False,False,False,False,https://frqncy.network/og-image.png,10,4,2026-04-24,2026-04-29
media,media/sleep-foundation/,https://frqncy.network/media/sleep-foundation/,Sleep Foundation — FRQNCY Network,Evidence-based sleep information from a team of researchers and clinicians.,Sleep Foundation,18,CreativeWork|WebSite|ListItem|BreadcrumbList,True,False,False,False,False,https://frqncy.network/og-image.png,9,4,2026-04-24,2026-04-29
media,media/spirit-science-youtube/,https://frqncy.network/media/spirit-science-youtube/,Spirit Science YouTube — FRQNCY Network,"Animated explorations of Merkaba, sacred geometry, and consciousness. Accessible entry point.",Spirit Science YouTube,17,CreativeWork|WebSite|ListItem|BreadcrumbList,True,False,False,False,False,https://frqncy.network/og-image.png,9,4,2026-04-24,2026-04-29
media,media/strong-towns/,https://frqncy.network/media/strong-towns/,Strong Towns — FRQNCY Network,"Building financially resilient communities through incremental, human-scale development.",Strong Towns,19,CreativeWork|WebSite|ListItem|BreadcrumbList,True,False,False,False,False,https://frqncy.network/og-image.png,9,4,2026-04-24,2026-04-29
media,media/the-athletic/,https://frqncy.network/media/the-athletic/,The Athletic — FRQNCY Network,The deepest sports journalism available. No hot takes — just long-form reporting from the best writers in the game.,The Athletic,15,CreativeWork|WebSite|ListItem|BreadcrumbList,True,False,False,False,False,https://frqncy.network/og-image.png,9,4,2026-04-24,2026-04-29
media,media/the-block/,https://frqncy.network/media/the-block/,The Block — FRQNCY Network,"Institutional-grade crypto news and data. The standard for breaking developments across Bitcoin, Ethereum, and the broader market.",The Block,16,CreativeWork|WebSite|ListItem|BreadcrumbList,True,False,False,False,False,https://frqncy.network/og-image.png,9,4,2026-04-24,2026-04-29
media,media/the-comedy-store-documentary/,https://frqncy.network/media/the-comedy-store-documentary/,The Comedy Store Documentary — FRQNCY Network,The story of the club that launched stand-up comedy. The best portrait of what it takes to be funny.,The Comedy Store Documentary,23,CreativeWork|WebSite|ListItem|BreadcrumbList,True,False,False,False,False,https://frqncy.network/og-image.png,9,4,2026-04-24,2026-04-29
media,media/the-correspondent/,https://frqncy.network/media/the-correspondent/,The Correspondent — FRQNCY Network,"Ad-free, member-funded journalism that rejects the news cycle in favour of deep, structural understanding.",The Correspondent,17,CreativeWork|WebSite|ListItem|BreadcrumbList,True,False,False,False,False,https://frqncy.network/og-image.png,9,4,2026-04-24,2026-04-29
media,media/the-defiant/,https://frqncy.network/media/the-defiant/,The Defiant — FRQNCY Network,Daily news and analysis covering Web3 and DeFi from a critical perspective.,The Defiant,17,CreativeWork|WebSite|ListItem|BreadcrumbList,True,False,False,False,False,https://frqncy.network/og-image.png,9,4,2026-04-24,2026-04-29
media,media/the-esports-observer/,https://frqncy.network/media/the-esports-observer/,The Esports Observer — FRQNCY Network,Business intelligence and news for the global esports industry.,The Esports Observer,15,CreativeWork|WebSite|ListItem|BreadcrumbList,True,False,False,False,False,https://frqncy.network/og-image.png,9,4,2026-04-24,2026-04-29
media,media/the-matrix-film/,https://frqncy.network/media/the-matrix-film/,The Matrix (Film) — FRQNCY Network,The Wachowskis&#39; myth of awakening from the illusion of consensus reality — Neo as everyman discovering he is the One.,The Matrix (Film),16,CreativeWork|WebSite|ListItem|BreadcrumbList,True,False,False,False,False,https://frqncy.network/og-image.png,9,4,2026-04-24,2026-04-29
media,media/the-minimalists/,https://frqncy.network/media/the-minimalists/,The Minimalists — FRQNCY Network,"Joshua Fields Millburn and Ryan Nicodemus on living meaningfully with less. Podcast, essays, documentary.",The Minimalists,19,CreativeWork|WebSite|ListItem|BreadcrumbList,True,False,False,False,False,https://frqncy.network/og-image.png,11,4,2026-04-24,2026-04-29
media,media/the-new-england-journal-of-medicine/,https://frqncy.network/media/the-new-england-journal-of-medicine/,The New England Journal of Medicine — FRQNCY Network,The world&#39;s most cited medical journal. The standard of rigour in clinical research.,The New England Journal of Medicine,18,CreativeWork|WebSite|ListItem|BreadcrumbList,True,False,False,False,False,https://frqncy.network/og-image.png,9,4,2026-04-24,2026-04-29
media,media/the-secret-film/,https://frqncy.network/media/the-secret-film/,The Secret (Film) — FRQNCY Network,"The 2006 documentary that introduced the Law of Attraction to a generation — featuring leading teachers on thought, feeling, and creation.",The Secret (Film),16,CreativeWork|WebSite|ListItem|BreadcrumbList,True,False,False,False,False,https://frqncy.network/og-image.png,9,4,2026-04-24,2026-04-29
media,media/the-story-of-film-an-odyssey/,https://frqncy.network/media/the-story-of-film-an-odyssey/,The Story of Film: An Odyssey — FRQNCY Network,Mark Cousins&#39; 15-hour documentary history of cinema. The most comprehensive film education ever committed to screen.,The Story of Film: An Odyssey,18,CreativeWork|WebSite|ListItem|BreadcrumbList,True,False,False,False,False,https://frqncy.network/og-image.png,9,4,2026-04-24,2026-04-29
media,media/think-geoenergy/,https://frqncy.network/media/think-geoenergy/,Think GeoEnergy — FRQNCY Network,The most comprehensive news source covering global geothermal energy developments.,Think GeoEnergy,16,CreativeWork|WebSite|ListItem|BreadcrumbList,True,False,False,False,False,https://frqncy.network/og-image.png,9,4,2026-04-24,2026-04-29
media,media/this-american-life/,https://frqncy.network/media/this-american-life/,This American Life — FRQNCY Network,The gold standard of narrative audio journalism. 30 years of American stories that changed how we think about radio.,This American Life,17,CreativeWork|WebSite|ListItem|BreadcrumbList,True,False,False,False,False,https://frqncy.network/og-image.png,9,4,2026-04-24,2026-04-29
media,media/treehugger/,https://frqncy.network/media/treehugger/,Treehugger — FRQNCY Network,"30 years of sustainable design, architecture, and lifestyle reporting. The most trusted name in green living.",Treehugger,19,CreativeWork|WebSite|ListItem|BreadcrumbList,True,False,False,False,False,https://frqncy.network/og-image.png,9,4,2026-04-24,2026-04-29
media,media/true-power-of-water-film/,https://frqncy.network/media/true-power-of-water-film/,True Power of Water (Film) — FRQNCY Network,The follow-up to Water Crystals — deeper investigation into how human consciousness shapes the molecular structure of water.,True Power of Water (Film),16,CreativeWork|WebSite|ListItem|BreadcrumbList,True,False,False,False,False,https://frqncy.network/og-image.png,10,4,2026-04-24,2026-04-29
media,media/vitalik-buterins-blog/,https://frqncy.network/media/vitalik-buterins-blog/,Vitalik Buterin&#39;s Blog — FRQNCY Network,"The Ethereum founder&#39;s essays on cryptography, governance, and the future of decentralized systems. Essential reading.",Vitalik Buterin&#39;s Blog,20,CreativeWork|WebSite|ListItem|BreadcrumbList,True,False,False,False,False,https://frqncy.network/og-image.png,10,4,2026-04-24,2026-04-29
media,media/water-crystals-in-motion-film/,https://frqncy.network/media/water-crystals-in-motion-film/,Water Crystals in Motion (Film) — FRQNCY Network,"The documentary revealing how consciousness, words, and intention shape the crystalline structure of water — and therefore all life.",Water Crystals in Motion (Film),16,CreativeWork|WebSite|ListItem|BreadcrumbList,True,False,False,False,False,https://frqncy.network/og-image.png,10,4,2026-04-24,2026-04-29
media,media/waypoint-vice-gaming/,https://frqncy.network/media/waypoint-vice-gaming/,Waypoint — Vice Gaming — FRQNCY Network,"Games criticism that takes culture, politics, and art seriously. The most intelligent gaming media.",Waypoint — Vice Gaming,20,CreativeWork|WebSite|ListItem|BreadcrumbList,True,False,False,False,False,https://frqncy.network/og-image.png,9,4,2026-04-24,2026-04-29
media,media/what-the-bleep-do-we-know/,https://frqncy.network/media/what-the-bleep-do-we-know/,What the Bleep Do We Know — FRQNCY Network,The quantum physics and consciousness film that bridges science and spiritual law — one of the most impactful consciousness films ever made.,What the Bleep Do We Know,16,CreativeWork|WebSite|ListItem|BreadcrumbList,True,False,False,False,False,https://frqncy.network/og-image.png,9,4,2026-04-24,2026-04-29
media,media/wired/,https://frqncy.network/media/wired/,Wired — FRQNCY Network,Technology culture journalism — where silicon and society meet.,Wired,18,CreativeWork|WebSite|ListItem|BreadcrumbList,True,False,False,False,False,https://frqncy.network/og-image.png,9,4,2026-04-24,2026-04-29
media,media/yoga-journal/,https://frqncy.network/media/yoga-journal/,Yoga Journal — FRQNCY Network,"The world&#39;s leading yoga publication. Poses, philosophy, anatomy, and lifestyle.",Yoga Journal,19,CreativeWork|WebSite|ListItem|BreadcrumbList,True,False,False,False,False,https://frqncy.network/og-image.png,9,4,2026-04-24,2026-04-29
orgs,orgs/,https://frqncy.network/orgs/,Orgs — FRQNCY Network,102 orgs curated on the FRQNCY network.,Orgs,2083,WebSite|ListItem|CollectionPage|ItemList,False,False,False,False,False,https://frqncy.network/og-image.png,7,3,2026-04-24,2026-04-29
orgs,orgs/350org/,https://frqncy.network/orgs/350org/,350.org — FRQNCY Network,The world&#39;s largest climate movement. How distributed grassroots organising changes policy.,350.org,16,WebSite|ListItem|BreadcrumbList|Organization,True,False,False,False,False,https://frqncy.network/og-image.png,9,4,2026-04-24,2026-04-29
orgs,orgs/5rhythms/,https://frqncy.network/orgs/5rhythms/,5Rhythms — FRQNCY Network,Gabrielle Roth&#39;s movement practice. Ecstatic dance as spiritual inquiry. Find a class near you.,5Rhythms,18,WebSite|ListItem|BreadcrumbList|Organization,True,False,False,False,False,https://frqncy.network/og-image.png,9,4,2026-04-24,2026-04-29
orgs,orgs/a16z-crypto/,https://frqncy.network/orgs/a16z-crypto/,a16z Crypto — FRQNCY Network,"The most influential VC in crypto — publishes deep research, podcasts, and frameworks.",a16z Crypto,17,WebSite|ListItem|BreadcrumbList|Organization,True,False,False,False,False,https://frqncy.network/og-image.png,9,4,2026-04-24,2026-04-29
orgs,orgs/abraham-hicks-publications/,https://frqncy.network/orgs/abraham-hicks-publications/,Abraham-Hicks Publications — FRQNCY Network,"Esther Hicks&#39;s official site — workshops, recordings, and the complete Abraham teachings on the Law of Attraction.",Abraham-Hicks Publications,13,WebSite|ListItem|BreadcrumbList|Organization,True,False,False,False,False,https://frqncy.network/og-image.png,9,4,2026-04-24,2026-04-29
orgs,orgs/ai-now-institute/,https://frqncy.network/orgs/ai-now-institute/,AI Now Institute — FRQNCY Network,"Critical research on the social implications of AI. Power, bias, and accountability.",AI Now Institute,16,WebSite|ListItem|BreadcrumbList|Organization,True,False,False,False,False,https://frqncy.network/og-image.png,9,4,2026-04-24,2026-04-29
orgs,orgs/american-literary-translators-association/,https://frqncy.network/orgs/american-literary-translators-association/,American Literary Translators Association — FRQNCY Network,"Supporting the work of literary translators. Awards, resources, and community.",American Literary Translators Association,18,WebSite|ListItem|BreadcrumbList|Organization,True,False,False,False,False,https://frqncy.network/og-image.png,9,4,2026-04-24,2026-04-29
orgs,orgs/ananda/,https://frqncy.network/orgs/ananda/,Ananda — FRQNCY Network,Communities and online teachings founded by Yogananda&#39;s direct disciple Swami Kriyananda — a living transmission of Kriya Yoga.,Ananda,18,WebSite|ListItem|BreadcrumbList|Organization,True,False,False,False,False,https://frqncy.network/og-image.png,10,4,2026-04-24,2026-04-29
orgs,orgs/ashoka/,https://frqncy.network/orgs/ashoka/,Ashoka — FRQNCY Network,The world&#39;s largest network of social entrepreneurs. Finding and supporting the people fixing the world.,Ashoka,18,WebSite|ListItem|BreadcrumbList|Organization,True,False,False,False,False,https://frqncy.network/og-image.png,9,4,2026-04-24,2026-04-29
orgs,orgs/b-corp-certification/,https://frqncy.network/orgs/b-corp-certification/,B Corp Certification — FRQNCY Network,The global standard for businesses that balance profit with purpose. A growing movement of companies doing business differently.,B Corp Certification,16,WebSite|ListItem|BreadcrumbList|Organization,True,False,False,False,False,https://frqncy.network/og-image.png,9,4,2026-04-24,2026-04-29
orgs,orgs/b-lab/,https://frqncy.network/orgs/b-lab/,B Lab — FRQNCY Network,The certification body for B Corporations — businesses that meet high standards of social and environmental performance.,B Lab,18,WebSite|ListItem|BreadcrumbList|Organization,True,False,False,False,False,https://frqncy.network/og-image.png,9,4,2026-04-24,2026-04-29
orgs,orgs/bay-nvc/,https://frqncy.network/orgs/bay-nvc/,Bay NVC — FRQNCY Network,One of the world&#39;s leading NVC training centres. Offers free resources and sliding-scale classes.,Bay NVC,15,WebSite|ListItem|BreadcrumbList|Organization,True,False,False,False,False,https://frqncy.network/og-image.png,9,4,2026-04-24,2026-04-29
orgs,orgs/biofield-tuning/,https://frqncy.network/orgs/biofield-tuning/,Biofield Tuning — FRQNCY Network,"Research and practice of tuning forks on the human biofield. Unusual, evidence-gathering, fascinating.",Biofield Tuning,19,WebSite|ListItem|BreadcrumbList|Organization,True,False,False,False,False,https://frqncy.network/og-image.png,10,4,2026-04-24,2026-04-29
orgs,orgs/biomimicry-institute/,https://frqncy.network/orgs/biomimicry-institute/,Biomimicry Institute — FRQNCY Network,The leading organisation translating nature&#39;s strategies into sustainable design solutions.,Biomimicry Institute,17,WebSite|ListItem|BreadcrumbList|Organization,True,False,False,False,False,https://frqncy.network/og-image.png,9,4,2026-04-24,2026-04-29
orgs,orgs/burning-man/,https://frqncy.network/orgs/burning-man/,Burning Man — FRQNCY Network,Ten principles for a gift economy and radical self-expression. The most ambitious experiment in temporary community.,Burning Man,21,WebSite|ListItem|BreadcrumbList|Organization,True,False,False,False,False,https://frqncy.network/og-image.png,9,4,2026-04-24,2026-04-29
orgs,orgs/carbon-tracker-initiative/,https://frqncy.network/orgs/carbon-tracker-initiative/,Carbon Tracker Initiative — FRQNCY Network,"Research on stranded assets, fossil fuel finance, and the financial risks of climate change.",Carbon Tracker Initiative,17,WebSite|ListItem|BreadcrumbList|Organization,True,False,False,False,False,https://frqncy.network/og-image.png,9,4,2026-04-24,2026-04-29
orgs,orgs/center-for-humane-technology/,https://frqncy.network/orgs/center-for-humane-technology/,Center for Humane Technology — FRQNCY Network,Tristan Harris and Aza Raskin&#39;s work to align technology with human wellbeing.,Center for Humane Technology,18,WebSite|ListItem|BreadcrumbList|Organization,True,False,False,False,False,https://frqncy.network/og-image.png,9,4,2026-04-24,2026-04-29
orgs,orgs/circular-economy-club/,https://frqncy.network/orgs/circular-economy-club/,Circular Economy Club — FRQNCY Network,"A global network of circular economy practitioners sharing tools, projects, and connections.",Circular Economy Club,19,WebSite|ListItem|BreadcrumbList|Organization,True,False,False,False,False,https://frqncy.network/og-image.png,9,4,2026-04-24,2026-04-29
orgs,orgs/cohousing-association/,https://frqncy.network/orgs/cohousing-association/,Cohousing Association — FRQNCY Network,The movement for intentional neighbourhood design. Where community is built into the architecture.,Cohousing Association,17,WebSite|ListItem|BreadcrumbList|Organization,True,False,False,False,False,https://frqncy.network/og-image.png,9,4,2026-04-24,2026-04-29
orgs,orgs/collective-intelligence-project/,https://frqncy.network/orgs/collective-intelligence-project/,Collective Intelligence Project — FRQNCY Network,Designing new mechanisms for collective decision-making at scale. A serious research initiative.,Collective Intelligence Project,18,WebSite|ListItem|BreadcrumbList|Organization,True,False,False,False,False,https://frqncy.network/og-image.png,9,4,2026-04-24,2026-04-29
orgs,orgs/conscious-capitalism/,https://frqncy.network/orgs/conscious-capitalism/,Conscious Capitalism — FRQNCY Network,"John Mackey&#39;s framework for business that serves all stakeholders, not just shareholders.",Conscious Capitalism,19,WebSite|ListItem|BreadcrumbList|Organization,True,False,False,False,False,https://frqncy.network/og-image.png,9,4,2026-04-24,2026-04-29
orgs,orgs/cosmic-wisdom/,https://frqncy.network/orgs/cosmic-wisdom/,Cosmic Wisdom — FRQNCY Network,The Philosophical Research Society&#39;s archive of Hall&#39;s lectures on sacred law and esoteric tradition.,Cosmic Wisdom,16,WebSite|ListItem|BreadcrumbList|Organization,True,False,False,False,False,https://frqncy.network/og-image.png,10,4,2026-04-24,2026-04-29
orgs,orgs/culdesac/,https://frqncy.network/orgs/culdesac/,Culdesac — FRQNCY Network,"A car-free neighbourhood built from scratch in Tempe, Arizona — a real experiment in designing community from the ground up.",Culdesac,18,WebSite|ListItem|BreadcrumbList|Organization,True,False,False,False,False,https://frqncy.network/og-image.png,9,4,2026-04-24,2026-04-29
orgs,orgs/cultural-survival/,https://frqncy.network/orgs/cultural-survival/,Cultural Survival — FRQNCY Network,Supporting indigenous peoples to defend their rights and cultures. 50 years of advocacy and documentation.,Cultural Survival,17,WebSite|ListItem|BreadcrumbList|Organization,True,False,False,False,False,https://frqncy.network/og-image.png,9,4,2026-04-24,2026-04-29
orgs,orgs/democracy-earth/,https://frqncy.network/orgs/democracy-earth/,Democracy Earth — FRQNCY Network,Open-source liquid democracy for DAOs and communities. Governance as a public good.,Democracy Earth,16,WebSite|ListItem|BreadcrumbList|Organization,True,False,False,False,False,https://frqncy.network/og-image.png,9,4,2026-04-24,2026-04-29
orgs,orgs/dialogue-arts-project/,https://frqncy.network/orgs/dialogue-arts-project/,Dialogue Arts Project — FRQNCY Network,Using art and theatre to create genuine dialogue across difference.,Dialogue Arts Project,16,WebSite|ListItem|BreadcrumbList|Organization,True,False,False,False,False,https://frqncy.network/og-image.png,9,4,2026-04-24,2026-04-29
orgs,orgs/eat-lancet-commission/,https://frqncy.network/orgs/eat-lancet-commission/,EAT-Lancet Commission — FRQNCY Network,The definitive scientific report on healthy diets from sustainable food systems. The data behind food system change.,EAT-Lancet Commission,18,WebSite|ListItem|BreadcrumbList|Organization,True,False,False,False,False,https://frqncy.network/og-image.png,9,4,2026-04-24,2026-04-29
orgs,orgs/edgeryders/,https://frqncy.network/orgs/edgeryders/,Edgeryders — FRQNCY Network,"An open community of people building alternative futures — research, events, and a global network of unconventional thinkers.",Edgeryders,18,WebSite|ListItem|BreadcrumbList|Organization,True,False,False,False,False,https://frqncy.network/og-image.png,9,4,2026-04-24,2026-04-29
orgs,orgs/eft-universe/,https://frqncy.network/orgs/eft-universe/,EFT Universe — FRQNCY Network,"The largest free EFT resource site — articles, tutorials, case studies, and training from Gary Craig&#39;s original EFT community.",EFT Universe,16,WebSite|ListItem|BreadcrumbList|Organization,True,False,False,False,False,https://frqncy.network/og-image.png,9,4,2026-04-24,2026-04-29
orgs,orgs/electric-coin-company/,https://frqncy.network/orgs/electric-coin-company/,Electric Coin Company — FRQNCY Network,The team behind Zcash — building privacy-preserving financial infrastructure.,Electric Coin Company,17,WebSite|ListItem|BreadcrumbList|Organization,True,False,False,False,False,https://frqncy.network/og-image.png,9,4,2026-04-24,2026-04-29
orgs,orgs/electronic-frontier-foundation/,https://frqncy.network/orgs/electronic-frontier-foundation/,Electronic Frontier Foundation — FRQNCY Network,The leading organisation defending civil liberties in the digital world. Fighting for a free and open internet.,Electronic Frontier Foundation,18,WebSite|ListItem|BreadcrumbList|Organization,True,False,False,False,False,https://frqncy.network/og-image.png,9,4,2026-04-24,2026-04-29
orgs,orgs/ellen-macarthur-foundation/,https://frqncy.network/orgs/ellen-macarthur-foundation/,Ellen MacArthur Foundation — FRQNCY Network,The world&#39;s leading think tank on circular economy. The best free resources on eliminating waste.,Ellen MacArthur Foundation,19,WebSite|ListItem|BreadcrumbList|Organization,True,False,False,False,False,https://frqncy.network/og-image.png,9,4,2026-04-24,2026-04-29
orgs,orgs/emdr-institute/,https://frqncy.network/orgs/emdr-institute/,EMDR Institute — FRQNCY Network,Eye Movement Desensitisation and Reprocessing — the most evidence-based trauma treatment available.,EMDR Institute,0,WebSite|ListItem|BreadcrumbList|Organization,True,False,False,False,False,https://frqncy.network/og-image.png,8,4,2026-04-24,2026-04-29
orgs,orgs/encode-project/,https://frqncy.network/orgs/encode-project/,ENCODE Project — FRQNCY Network,The world&#39;s largest open dataset mapping functional elements in the human genome.,ENCODE Project,18,WebSite|ListItem|BreadcrumbList|Organization,True,False,False,False,False,https://frqncy.network/og-image.png,9,4,2026-04-24,2026-04-29
orgs,orgs/environmental-working-group/,https://frqncy.network/orgs/environmental-working-group/,Environmental Working Group — FRQNCY Network,"Research and databases on toxins in food, cosmetics, water, and the environment. Essential and free.",Environmental Working Group,20,WebSite|ListItem|BreadcrumbList|Organization,True,False,False,False,False,https://frqncy.network/og-image.png,9,4,2026-04-24,2026-04-29
orgs,orgs/first-peoples-worldwide/,https://frqncy.network/orgs/first-peoples-worldwide/,First Peoples Worldwide — FRQNCY Network,Embedding indigenous rights into corporate ESG standards and investment practice.,First Peoples Worldwide,17,WebSite|ListItem|BreadcrumbList|Organization,True,False,False,False,False,https://frqncy.network/og-image.png,9,4,2026-04-24,2026-04-29
orgs,orgs/food-print/,https://frqncy.network/orgs/food-print/,Food Print — FRQNCY Network,Research on the environmental footprint of our food choices. Practical guidance grounded in science.,Food Print,18,WebSite|ListItem|BreadcrumbList|Organization,True,False,False,False,False,https://frqncy.network/og-image.png,9,4,2026-04-24,2026-04-29
orgs,orgs/form-energy/,https://frqncy.network/orgs/form-energy/,Form Energy — FRQNCY Network,Building 100-hour iron-air batteries for multi-day grid storage. A potential game-changer.,Form Energy,16,WebSite|ListItem|BreadcrumbList|Organization,True,False,False,False,False,https://frqncy.network/og-image.png,9,4,2026-04-24,2026-04-29
orgs,orgs/future-of-life-institute/,https://frqncy.network/orgs/future-of-life-institute/,Future of Life Institute — FRQNCY Network,"Working to ensure transformative technologies benefit life on Earth. AI, bio, nuclear risk.",Future of Life Institute,18,WebSite|ListItem|BreadcrumbList|Organization,True,False,False,False,False,https://frqncy.network/og-image.png,9,4,2026-04-24,2026-04-29
orgs,orgs/geometers-anonymous/,https://frqncy.network/orgs/geometers-anonymous/,Geometers Anonymous — FRQNCY Network,"A community of sacred geometry artists, architects, and researchers.",Geometers Anonymous,17,WebSite|ListItem|BreadcrumbList|Organization,True,False,False,False,False,https://frqncy.network/og-image.png,9,4,2026-04-24,2026-04-29
orgs,orgs/geothermal-rising/,https://frqncy.network/orgs/geothermal-rising/,Geothermal Rising — FRQNCY Network,"The US geothermal industry association. Events, research, and the case for geothermal as base-load clean power.",Geothermal Rising,19,WebSite|ListItem|BreadcrumbList|Organization,True,False,False,False,False,https://frqncy.network/og-image.png,9,4,2026-04-24,2026-04-29
orgs,orgs/global-impact-investing-network/,https://frqncy.network/orgs/global-impact-investing-network/,Global Impact Investing Network — FRQNCY Network,"The industry body for impact investing. Research, data, and standards for measuring real-world outcomes.",Global Impact Investing Network,18,WebSite|ListItem|BreadcrumbList|Organization,True,False,False,False,False,https://frqncy.network/og-image.png,9,4,2026-04-24,2026-04-29
orgs,orgs/global-wind-energy-council/,https://frqncy.network/orgs/global-wind-energy-council/,Global Wind Energy Council — FRQNCY Network,The industry body for global wind energy. Annual market reports and policy advocacy.,Global Wind Energy Council,19,WebSite|ListItem|BreadcrumbList|Organization,True,False,False,False,False,https://frqncy.network/og-image.png,9,4,2026-04-24,2026-04-29
orgs,orgs/grantmakers-for-effective-organisations/,https://frqncy.network/orgs/grantmakers-for-effective-organisations/,Grantmakers for Effective Organisations — FRQNCY Network,A network of funders committed to improving philanthropic practice — useful for understanding how capital flows.,Grantmakers for Effective Organisations,14,WebSite|ListItem|BreadcrumbList|Organization,True,False,False,False,False,https://frqncy.network/og-image.png,9,4,2026-04-24,2026-04-29
orgs,orgs/growing-power/,https://frqncy.network/orgs/growing-power/,Growing Power — FRQNCY Network,Will Allen&#39;s urban agriculture organisation. Community food systems in Milwaukee and beyond.,Growing Power,17,WebSite|ListItem|BreadcrumbList|Organization,True,False,False,False,False,https://frqncy.network/og-image.png,9,4,2026-04-24,2026-04-29
orgs,orgs/half-earth-project/,https://frqncy.network/orgs/half-earth-project/,Half-Earth Project — FRQNCY Network,E.O. Wilson&#39;s proposal: protect half the Earth&#39;s land and sea to save biodiversity. A serious and moving vision.,Half-Earth Project,18,WebSite|ListItem|BreadcrumbList|Organization,True,False,False,False,False,https://frqncy.network/og-image.png,9,4,2026-04-24,2026-04-29
orgs,orgs/heartmath-institute/,https://frqncy.network/orgs/heartmath-institute/,HeartMath Institute — FRQNCY Network,Research on the electromagnetic field of the heart and coherence between heart rhythms and wellbeing.,HeartMath Institute,30,WebSite|ListItem|BreadcrumbList|Organization,True,False,False,False,False,https://frqncy.network/og-image.png,10,4,2026-04-24,2026-04-29
orgs,orgs/iea-bioenergy/,https://frqncy.network/orgs/iea-bioenergy/,IEA Bioenergy — FRQNCY Network,International research collaboration on sustainable bioenergy. Free technical reports.,IEA Bioenergy,16,WebSite|ListItem|BreadcrumbList|Organization,True,False,False,False,False,https://frqncy.network/og-image.png,9,4,2026-04-24,2026-04-29
orgs,orgs/immigrant-archive-project/,https://frqncy.network/orgs/immigrant-archive-project/,Immigrant Archive Project — FRQNCY Network,Documenting the stories of immigrants and their descendants. Living history of the diaspora.,Immigrant Archive Project,15,WebSite|ListItem|BreadcrumbList|Organization,True,False,False,False,False,https://frqncy.network/og-image.png,9,4,2026-04-24,2026-04-29
orgs,orgs/impact-hub/,https://frqncy.network/orgs/impact-hub/,Impact Hub — FRQNCY Network,A global network of spaces and communities for purpose-driven entrepreneurs — 100+ locations across 60+ countries.,Impact Hub,16,WebSite|ListItem|BreadcrumbList|Organization,True,False,False,False,False,https://frqncy.network/og-image.png,9,4,2026-04-24,2026-04-29
orgs,orgs/improv-everywhere/,https://frqncy.network/orgs/improv-everywhere/,Improv Everywhere — FRQNCY Network,Causing scenes of joy in public spaces. Play as urban intervention and radical kindness.,Improv Everywhere,19,WebSite|ListItem|BreadcrumbList|Organization,True,False,False,False,False,https://frqncy.network/og-image.png,9,4,2026-04-24,2026-04-29
orgs,orgs/international-association-for-near-death-studies/,https://frqncy.network/orgs/international-association-for-near-death-studies/,International Association for Near-Death Studies — FRQNCY Network,"The leading organisation researching NDEs — case studies, conferences, and the most comprehensive NDE database on Earth.",International Association for Near-Death Studies,17,WebSite|ListItem|BreadcrumbList|Organization,True,False,False,False,False,https://frqncy.network/og-image.png,9,4,2026-04-24,2026-04-29
orgs,orgs/internations/,https://frqncy.network/orgs/internations/,InterNations — FRQNCY Network,The world&#39;s largest expat community — connecting 4 million people across 420 cities for belonging wherever you land.,InterNations,17,WebSite|ListItem|BreadcrumbList|Organization,True,False,False,False,False,https://frqncy.network/og-image.png,9,4,2026-04-24,2026-04-29
orgs,orgs/isha-foundation/,https://frqncy.network/orgs/isha-foundation/,Isha Foundation — FRQNCY Network,Inner Engineering and Hatha Yoga programmes grounded in the yogic sciences — Sadhguru&#39;s global transmission of classical yoga.,Isha Foundation,19,WebSite|ListItem|BreadcrumbList|Organization,True,False,False,False,False,https://frqncy.network/og-image.png,10,4,2026-04-24,2026-04-29
orgs,orgs/jovian-archive/,https://frqncy.network/orgs/jovian-archive/,Jovian Archive — FRQNCY Network,"The official custodian of Ra Uru Hu&#39;s original teachings. The deepest, most technically precise source for Human Design knowledge — charts, courses, and th",Jovian Archive,20,WebSite|ListItem|BreadcrumbList|Organization,True,False,False,False,False,https://frqncy.network/og-image.png,9,4,2026-04-24,2026-04-29
orgs,orgs/la-via-campesina/,https://frqncy.network/orgs/la-via-campesina/,La Via Campesina — FRQNCY Network,The international peasant movement that coined food sovereignty. 200 million farmers speaking with one voice.,La Via Campesina,23,WebSite|ListItem|BreadcrumbList|Organization,True,False,False,False,False,https://frqncy.network/og-image.png,9,4,2026-04-24,2026-04-29
orgs,orgs/magnum-photos/,https://frqncy.network/orgs/magnum-photos/,Magnum Photos — FRQNCY Network,The most prestigious photography cooperative in the world. Where documentary photography became art.,Magnum Photos,21,WebSite|ListItem|BreadcrumbList|Organization,True,False,False,False,False,https://frqncy.network/og-image.png,9,4,2026-04-24,2026-04-29
orgs,orgs/mind-uk/,https://frqncy.network/orgs/mind-uk/,Mind (UK) — FRQNCY Network,"The UK&#39;s leading mental health charity. Information, support, and advocacy.",Mind (UK),16,WebSite|ListItem|BreadcrumbList|Organization,True,False,False,False,False,https://frqncy.network/og-image.png,9,4,2026-04-24,2026-04-29
orgs,orgs/mission-blue/,https://frqncy.network/orgs/mission-blue/,Mission Blue — FRQNCY Network,The legendary oceanographer&#39;s foundation working to protect ocean Hope Spots worldwide.,Mission Blue,17,WebSite|ListItem|BreadcrumbList|Organization,True,False,False,False,False,https://frqncy.network/og-image.png,10,4,2026-04-24,2026-04-29
orgs,orgs/movnat/,https://frqncy.network/orgs/movnat/,MovNat — FRQNCY Network,"Natural human movement — crawl, climb, jump, swim, carry. The antidote to gym culture.",MovNat,22,WebSite|ListItem|BreadcrumbList|Organization,True,False,False,False,False,https://frqncy.network/og-image.png,9,4,2026-04-24,2026-04-29
orgs,orgs/multidisciplinary-association-for-psychedelic-studies/,https://frqncy.network/orgs/multidisciplinary-association-for-psychedelic-studies/,Multidisciplinary Association for Psychedelic Studies — FRQNCY Network,"The leading research organisation conducting clinical trials into MDMA, psilocybin, and other psychedelics.",Multidisciplinary Association for Psychedelic Studies,17,WebSite|ListItem|BreadcrumbList|Organization,True,False,False,False,False,https://frqncy.network/og-image.png,9,4,2026-04-24,2026-04-29
orgs,orgs/national-outdoor-leadership-school/,https://frqncy.network/orgs/national-outdoor-leadership-school/,National Outdoor Leadership School — FRQNCY Network,"The gold standard of wilderness education. Leadership, judgment, and environmental ethics in the backcountry.",National Outdoor Leadership School,18,WebSite|ListItem|BreadcrumbList|Organization,True,False,False,False,False,https://frqncy.network/og-image.png,9,4,2026-04-24,2026-04-29
orgs,orgs/national-renewable-energy-laboratory/,https://frqncy.network/orgs/national-renewable-energy-laboratory/,National Renewable Energy Laboratory — FRQNCY Network,"The leading US research lab for solar, wind, and grid technology. Extensive free publications.",National Renewable Energy Laboratory,18,WebSite|ListItem|BreadcrumbList|Organization,True,False,False,False,False,https://frqncy.network/og-image.png,9,4,2026-04-24,2026-04-29
orgs,orgs/oakland-institute/,https://frqncy.network/orgs/oakland-institute/,Oakland Institute — FRQNCY Network,"Research on land grabs, corporate agriculture, and the fight for food sovereignty worldwide.",Oakland Institute,20,WebSite|ListItem|BreadcrumbList|Organization,True,False,False,False,False,https://frqncy.network/og-image.png,9,4,2026-04-24,2026-04-29
orgs,orgs/open-philanthropy/,https://frqncy.network/orgs/open-philanthropy/,Open Philanthropy — FRQNCY Network,"One of the most rigorous approaches to large-scale giving — transparent, evidence-based, and willing to take risks.",Open Philanthropy,17,WebSite|ListItem|BreadcrumbList|Organization,True,False,False,False,False,https://frqncy.network/og-image.png,9,4,2026-04-24,2026-04-29
orgs,orgs/open-source-initiative/,https://frqncy.network/orgs/open-source-initiative/,Open Source Initiative — FRQNCY Network,The steward of the open source definition and licences. The governance behind the movement.,Open Source Initiative,18,WebSite|ListItem|BreadcrumbList|Organization,True,False,False,False,False,https://frqncy.network/og-image.png,9,4,2026-04-24,2026-04-29
orgs,orgs/owasp/,https://frqncy.network/orgs/owasp/,OWASP — FRQNCY Network,"The open-source foundation for web security. Free guides, tools, and training for developers and organisations.",OWASP,16,WebSite|ListItem|BreadcrumbList|Organization,True,False,False,False,False,https://frqncy.network/og-image.png,9,4,2026-04-24,2026-04-29
orgs,orgs/participatory-budgeting-project/,https://frqncy.network/orgs/participatory-budgeting-project/,Participatory Budgeting Project — FRQNCY Network,Giving communities real power over public money. The most direct form of democratic participation.,Participatory Budgeting Project,16,WebSite|ListItem|BreadcrumbList|Organization,True,False,False,False,False,https://frqncy.network/og-image.png,9,4,2026-04-24,2026-04-29
orgs,orgs/peace-direct/,https://frqncy.network/orgs/peace-direct/,Peace Direct — FRQNCY Network,Funding and amplifying local peacebuilders in the world&#39;s most conflict-affected regions.,Peace Direct,16,WebSite|ListItem|BreadcrumbList|Organization,True,False,False,False,False,https://frqncy.network/og-image.png,9,4,2026-04-24,2026-04-29
orgs,orgs/permaculture-research-institute/,https://frqncy.network/orgs/permaculture-research-institute/,Permaculture Research Institute — FRQNCY Network,"Geoff Lawton&#39;s global permaculture network. Free documentary, courses, and community.",Permaculture Research Institute,15,WebSite|ListItem|BreadcrumbList|Organization,True,False,False,False,False,https://frqncy.network/og-image.png,9,4,2026-04-24,2026-04-29
orgs,orgs/poetry-foundation/,https://frqncy.network/orgs/poetry-foundation/,Poetry Foundation — FRQNCY Network,"The best online archive of poetry in English. Find any poet, any era, any form.",Poetry Foundation,21,WebSite|ListItem|BreadcrumbList|Organization,True,False,False,False,False,https://frqncy.network/og-image.png,9,4,2026-04-24,2026-04-29
orgs,orgs/project-camelot/,https://frqncy.network/orgs/project-camelot/,Project Camelot — FRQNCY Network,"The most important whistleblower interview archive on the internet. Since 2006, Bill Ryan and Kerry Cassidy have filmed hundreds of hours with insiders, ex",Project Camelot,13,WebSite|ListItem|BreadcrumbList|Organization,True,False,False,False,False,https://frqncy.network/og-image.png,10,4,2026-04-24,2026-04-29
orgs,orgs/project-drawdown/,https://frqncy.network/orgs/project-drawdown/,Project Drawdown — FRQNCY Network,100 solutions to climate change ranked by impact. Individual actions in context of systemic change.,Project Drawdown,16,WebSite|ListItem|BreadcrumbList|Organization,True,False,False,False,False,https://frqncy.network/og-image.png,9,4,2026-04-24,2026-04-29
orgs,orgs/propublica/,https://frqncy.network/orgs/propublica/,ProPublica — FRQNCY Network,"The world&#39;s leading nonprofit investigative newsroom. Free, rigorous, and in the public interest.",ProPublica,16,WebSite|ListItem|BreadcrumbList|Organization,True,False,False,False,False,https://frqncy.network/og-image.png,9,4,2026-04-24,2026-04-29
orgs,orgs/regenerative-business-alliance/,https://frqncy.network/orgs/regenerative-business-alliance/,Regenerative Business Alliance — FRQNCY Network,A growing network of businesses committed to regenerative practices and principles.,Regenerative Business Alliance,19,WebSite|ListItem|BreadcrumbList|Organization,True,False,False,False,False,https://frqncy.network/og-image.png,9,4,2026-04-24,2026-04-29
orgs,orgs/ren21/,https://frqncy.network/orgs/ren21/,REN21 — FRQNCY Network,The Global Status Report on renewables. Annual update on the global energy transition.,REN21,16,WebSite|ListItem|BreadcrumbList|Organization,True,False,False,False,False,https://frqncy.network/og-image.png,9,4,2026-04-24,2026-04-29
orgs,orgs/rocky-mountain-institute/,https://frqncy.network/orgs/rocky-mountain-institute/,Rocky Mountain Institute — FRQNCY Network,"The leading think-tank and consultancy for the clean energy transition — rigorous, practical, and hopeful.",Rocky Mountain Institute,34,WebSite|ListItem|BreadcrumbList|Organization,True,False,False,False,False,https://frqncy.network/og-image.png,10,4,2026-04-24,2026-04-29
orgs,orgs/rodale-institute/,https://frqncy.network/orgs/rodale-institute/,Rodale Institute — FRQNCY Network,Pioneering regenerative organic agriculture research since 1947 — the science behind farming that heals the land.,Rodale Institute,31,WebSite|ListItem|BreadcrumbList|Organization,True,False,False,False,False,https://frqncy.network/og-image.png,10,4,2026-04-24,2026-04-29
orgs,orgs/royal-society-of-chemistry/,https://frqncy.network/orgs/royal-society-of-chemistry/,Royal Society of Chemistry — FRQNCY Network,"The global professional body for chemical sciences, with open access to research and educational resources.",Royal Society of Chemistry,17,WebSite|ListItem|BreadcrumbList|Organization,True,False,False,False,False,https://frqncy.network/og-image.png,9,4,2026-04-24,2026-04-29
orgs,orgs/sadhgurus-isha-foundation/,https://frqncy.network/orgs/sadhgurus-isha-foundation/,Sadhguru&#39;s Isha Foundation — FRQNCY Network,"Sadhguru Jaggi Vasudev&#39;s global organisation offering Inner Engineering, yoga programmes, and ecological initiatives.",Sadhguru&#39;s Isha Foundation,18,WebSite|ListItem|BreadcrumbList|Organization,True,False,False,False,False,https://frqncy.network/og-image.png,9,4,2026-04-24,2026-04-29
orgs,orgs/santa-fe-institute/,https://frqncy.network/orgs/santa-fe-institute/,Santa Fe Institute — FRQNCY Network,The world&#39;s leading research centre for complexity science — studying the deep patterns that run through all complex systems.,Santa Fe Institute,16,WebSite|ListItem|BreadcrumbList|Organization,True,False,False,False,False,https://frqncy.network/og-image.png,9,4,2026-04-24,2026-04-29
orgs,orgs/savory-institute/,https://frqncy.network/orgs/savory-institute/,Savory Institute — FRQNCY Network,Allan Savory&#39;s Holistic Planned Grazing approach to restoring grasslands and sequestering carbon.,Savory Institute,15,WebSite|ListItem|BreadcrumbList|Organization,True,False,False,False,False,https://frqncy.network/og-image.png,9,4,2026-04-24,2026-04-29
orgs,orgs/self-realization-fellowship/,https://frqncy.network/orgs/self-realization-fellowship/,Self-Realization Fellowship — FRQNCY Network,"Paramhansa Yogananda&#39;s organisation — the global home of Kriya Yoga teachings, lessons, and meditation centres.",Self-Realization Fellowship,18,WebSite|ListItem|BreadcrumbList|Organization,True,False,False,False,False,https://frqncy.network/og-image.png,9,4,2026-04-24,2026-04-29
orgs,orgs/seti-institute/,https://frqncy.network/orgs/seti-institute/,SETI Institute — FRQNCY Network,"Scientific search for extraterrestrial intelligence — radio astronomy, signal detection, and astrobiology research.",SETI Institute,16,WebSite|ListItem|BreadcrumbList|Organization,True,False,False,False,False,https://frqncy.network/og-image.png,9,4,2026-04-24,2026-04-29
orgs,orgs/siddha-yoga-foundation/,https://frqncy.network/orgs/siddha-yoga-foundation/,Siddha Yoga Foundation — FRQNCY Network,"The international spiritual organisation founded by Swami Muktananda and now led by Gurumayi Chidvilasananda — chanting, meditation, and seva.",Siddha Yoga Foundation,18,WebSite|ListItem|BreadcrumbList|Organization,True,False,False,False,False,https://frqncy.network/og-image.png,9,4,2026-04-24,2026-04-29
orgs,orgs/sidewalk-labs/,https://frqncy.network/orgs/sidewalk-labs/,Sidewalk Labs — FRQNCY Network,"Google&#39;s urban innovation lab. Experimenting with data, mobility, and infrastructure in cities.",Sidewalk Labs,19,WebSite|ListItem|BreadcrumbList|Organization,True,False,False,False,False,https://frqncy.network/og-image.png,9,4,2026-04-24,2026-04-29
orgs,orgs/smart-electric-power-alliance/,https://frqncy.network/orgs/smart-electric-power-alliance/,Smart Electric Power Alliance — FRQNCY Network,"Helping utilities navigate the clean energy transition with tools, benchmarking, and peer networks.",Smart Electric Power Alliance,15,WebSite|ListItem|BreadcrumbList|Organization,True,False,False,False,False,https://frqncy.network/og-image.png,9,4,2026-04-24,2026-04-29
orgs,orgs/soma-breath/,https://frqncy.network/orgs/soma-breath/,SOMA Breath — FRQNCY Network,"Niraj Naik&#39;s rhythmic breathing techniques combining pranayama, music, and intermittent hypoxia.",SOMA Breath,17,WebSite|ListItem|BreadcrumbList|Organization,True,False,False,False,False,https://frqncy.network/og-image.png,9,4,2026-04-24,2026-04-29
orgs,orgs/somatic-experiencing-international/,https://frqncy.network/orgs/somatic-experiencing-international/,Somatic Experiencing International — FRQNCY Network,Peter Levine&#39;s organisation training therapists worldwide in trauma resolution through the body.,Somatic Experiencing International,17,WebSite|ListItem|BreadcrumbList|Organization,True,False,False,False,False,https://frqncy.network/og-image.png,9,4,2026-04-24,2026-04-29
orgs,orgs/synbiobeta/,https://frqncy.network/orgs/synbiobeta/,Synbiobeta — FRQNCY Network,The leading community and conference for synthetic biology and biotech innovation.,Synbiobeta,16,WebSite|ListItem|BreadcrumbList|Organization,True,False,False,False,False,https://frqncy.network/og-image.png,9,4,2026-04-24,2026-04-29
orgs,orgs/the-disclosure-project/,https://frqncy.network/orgs/the-disclosure-project/,The Disclosure Project — FRQNCY Network,"Military, intelligence, and government witnesses testifying to UFO reality — the landmark 2001 National Press Club event.",The Disclosure Project,16,WebSite|ListItem|BreadcrumbList|Organization,True,False,False,False,False,https://frqncy.network/og-image.png,10,4,2026-04-24,2026-04-29
orgs,orgs/the-moth/,https://frqncy.network/orgs/the-moth/,The Moth — FRQNCY Network,Real people telling true stories live on stage. The most powerful showcase of human storytelling alive.,The Moth,16,WebSite|ListItem|BreadcrumbList|Organization,True,False,False,False,False,https://frqncy.network/og-image.png,9,4,2026-04-24,2026-04-29
orgs,orgs/the-school-of-life/,https://frqncy.network/orgs/the-school-of-life/,The School of Life — FRQNCY Network,"Emotional education for adults — books, videos, and workshops on the things that actually matter.",The School of Life,16,WebSite|ListItem|BreadcrumbList|Organization,True,False,False,False,False,https://frqncy.network/og-image.png,9,4,2026-04-24,2026-04-29
orgs,orgs/toastmasters-international/,https://frqncy.network/orgs/toastmasters-international/,Toastmasters International — FRQNCY Network,The world&#39;s largest public speaking organisation. Local clubs in 143 countries. Free to attend as a guest.,Toastmasters International,22,WebSite|ListItem|BreadcrumbList|Organization,True,False,False,False,False,https://frqncy.network/og-image.png,9,4,2026-04-24,2026-04-29
orgs,orgs/trillion-trees/,https://frqncy.network/orgs/trillion-trees/,Trillion Trees — FRQNCY Network,"Alliance of WWF, BirdLife, and WCS to protect and restore one trillion trees.",Trillion Trees,18,WebSite|ListItem|BreadcrumbList|Organization,True,False,False,False,False,https://frqncy.network/og-image.png,9,4,2026-04-24,2026-04-29
orgs,orgs/uap-disclosure-fund/,https://frqncy.network/orgs/uap-disclosure-fund/,UAP Disclosure Fund — FRQNCY Network,The political lobbying effort behind the US government&#39;s UAP disclosure legislation — pushing for transparency.,UAP Disclosure Fund,16,WebSite|ListItem|BreadcrumbList|Organization,True,False,False,False,False,https://frqncy.network/og-image.png,9,4,2026-04-24,2026-04-29
orgs,orgs/weston-a-price-foundation/,https://frqncy.network/orgs/weston-a-price-foundation/,Weston A. Price Foundation — FRQNCY Network,Traditional and ancestral approaches to nutrition. A strong counterpoint to mainstream dietary advice.,Weston A. Price Foundation,18,WebSite|ListItem|BreadcrumbList|Organization,True,False,False,False,False,https://frqncy.network/og-image.png,9,4,2026-04-24,2026-04-29
orgs,orgs/wild-fermentation-community/,https://frqncy.network/orgs/wild-fermentation-community/,Wild Fermentation Community — FRQNCY Network,"Sandor Katz&#39;s community for fermentation enthusiasts. Recipes, forum, and resources.",Wild Fermentation Community,16,WebSite|ListItem|BreadcrumbList|Organization,True,False,False,False,False,https://frqncy.network/og-image.png,9,4,2026-04-24,2026-04-29
orgs,orgs/windeurope/,https://frqncy.network/orgs/windeurope/,Windeurope — FRQNCY Network,"Data, policy, and research on Europe&#39;s wind energy industry. The most comprehensive regional source.",Windeurope,22,WebSite|ListItem|BreadcrumbList|Organization,True,False,False,False,False,https://frqncy.network/og-image.png,9,4,2026-04-24,2026-04-29
orgs,orgs/worldfish/,https://frqncy.network/orgs/worldfish/,WorldFish — FRQNCY Network,"Research for sustainable aquaculture in low-income, food-insecure countries.",WorldFish,16,WebSite|ListItem|BreadcrumbList|Organization,True,False,False,False,False,https://frqncy.network/og-image.png,9,4,2026-04-24,2026-04-29
orgs,orgs/xr-association/,https://frqncy.network/orgs/xr-association/,XR Association — FRQNCY Network,"Industry body setting standards and best practices for AR, VR, and MR development.",XR Association,18,WebSite|ListItem|BreadcrumbList|Organization,True,False,False,False,False,https://frqncy.network/og-image.png,9,4,2026-04-24,2026-04-29
orgs,orgs/young-presidents-organization-ypo/,https://frqncy.network/orgs/young-presidents-organization-ypo/,Young Presidents&#39; Organization (YPO) — FRQNCY Network,"Global network of 35,000+ chief executives under 45 — peer learning, leadership development, and life-changing community.",Young Presidents&#39; Organization (YPO),17,WebSite|ListItem|BreadcrumbList|Organization,True,False,False,False,False,https://frqncy.network/og-image.png,9,4,2026-04-24,2026-04-29
orgs,orgs/zebras-unite/,https://frqncy.network/orgs/zebras-unite/,Zebras Unite — FRQNCY Network,"A founder-led movement building more ethical, sustainable businesses — an alternative to the unicorn culture of Silicon Valley.",Zebras Unite,16,WebSite|ListItem|BreadcrumbList|Organization,True,False,False,False,False,https://frqncy.network/og-image.png,9,4,2026-04-24,2026-04-29
topic,v2/abilities/,https://frqncy.network/v2/abilities/,Abilities — FRQNCY Network,"Capacities humans can develop beyond the consensus baseline — remote viewing, out-of-body experiences, lucid dreaming, telepathy, intuition, psychokinesis. The map of what humans turn out to be able t",Abilities,392,WebSite|ImageObject|CollectionPage|Organization|Article,False,False,True,False,True,https://frqncy.network/v2/og/remote-viewing.png,21,11,2026-04-28,2026-04-28
topic,v2/akashic-records/,https://frqncy.network/v2/akashic-records/,Akashic Records — FRQNCY Network,"The concept of a universal field containing the imprint of all events, thoughts, and experiences.",Akashic Records,120,WebPageElement|ImageObject|WebPage|Organization|Article,False,False,True,True,True,https://frqncy.network/v2/og/akashic-records.png,14,6,2026-04-10,2026-04-30
topic,v2/aliens/,https://frqncy.network/v2/aliens/,Extraterrestrial Life — FRQNCY Network,"Evidence, contact, and the implications of non-human intelligence — from UAP disclosure to ancient astronaut theory and the search for life beyond Earth.",Extraterrestrial Life,306,WebPageElement|ImageObject|WebPage|Organization|Article,False,False,True,True,True,https://frqncy.network/v2/og/aliens.png,16,12,2026-04-10,2026-04-30
topic,v2/aquaculture/,https://frqncy.network/v2/aquaculture/,Aquaculture — FRQNCY Network,"Farming the water — the sustainable cultivation of fish, shellfish, algae, and other aquatic organisms.",Aquaculture,95,WebPageElement|ImageObject|WebPage|Organization|Article,False,False,True,True,True,https://frqncy.network/v2/og/aquaculture.png,15,6,2026-04-10,2026-04-30
topic,v2/ar-vr/,https://frqncy.network/v2/ar-vr/,AR / VR — FRQNCY Network,Augmented and virtual reality — technologies blending the digital and physical to create new perceptual worlds.,AR / VR,80,WebPageElement|ImageObject|WebPage|Organization|Article,False,False,True,True,True,https://frqncy.network/v2/og/ar-vr.png,14,5,2026-04-10,2026-04-30
topic,v2/architecture/,https://frqncy.network/v2/architecture/,Architecture — FRQNCY Network,The art of shaping space — how buildings form the invisible container of human experience.,Architecture,107,WebPageElement|ImageObject|WebPage|Organization|Article,False,False,True,True,True,https://frqncy.network/v2/og/architecture.png,14,6,2026-04-10,2026-04-30
topic,v2/artificial-intelligence/,https://frqncy.network/v2/artificial-intelligence/,Artificial Intelligence — FRQNCY Network,"Machine learning, neural networks, and the development of non-human intelligence — the most consequential technology of our time.",Artificial Intelligence,190,WebPageElement|ImageObject|WebPage|Organization|Article,False,False,True,True,True,https://frqncy.network/v2/og/artificial-intelligence.png,16,8,2026-04-10,2026-04-30
topic,v2/arts/,https://frqncy.network/v2/arts/,Arts &amp; Culture — FRQNCY Network,"Expression of the human spirit — music, image, story, and movement as the languages that reach where words cannot.",Arts &amp; Culture,311,WebSite|ImageObject|CollectionPage|Organization|Article,False,False,True,False,True,https://frqncy.network/v2/og/arts.png,19,7,2026-04-10,2026-04-29
topic,v2/astrology/,https://frqncy.network/v2/astrology/,Astrology — FRQNCY Network,The ancient map of cosmic rhythms — how planetary cycles reflect and inform human experience.,Astrology,94,WebPageElement|ImageObject|WebPage|Organization|Article,False,False,True,True,True,https://frqncy.network/v2/og/astrology.png,14,6,2026-04-10,2026-04-30
topic,v2/astrophysics/,https://frqncy.network/v2/astrophysics/,Astrophysics — FRQNCY Network,"The physics of stars, galaxies, and the cosmos — understanding the universe at the largest scales.",Astrophysics,155,WebPageElement|ImageObject|WebPage|Organization|Article,False,False,True,True,True,https://frqncy.network/v2/og/astrophysics.png,15,7,2026-04-10,2026-04-30
topic,v2/audio/,https://frqncy.network/v2/audio/,Audio — FRQNCY Network,"Headphones, speakers, sound made with care. The hardware of how you actually hear the music, the conversation, the silence.",Audio,121,WebPageElement|ImageObject|WebPage|Organization|Article,False,False,True,True,True,https://frqncy.network/v2/og/audio.png,13,6,2026-04-26,2026-04-29
topic,v2/biodiversity/,https://frqncy.network/v2/biodiversity/,Biodiversity — FRQNCY Network,"The richness of life on Earth — the species, ecosystems, and genetic diversity we depend on and are losing.",Biodiversity,104,WebPageElement|ImageObject|WebPage|Organization|Article,False,False,True,True,True,https://frqncy.network/v2/og/biodiversity.png,15,6,2026-04-10,2026-04-30
topic,v2/bioenergy/,https://frqncy.network/v2/bioenergy/,Bioenergy — FRQNCY Network,"Energy from biological material — from biogas to advanced biofuels, biomass and beyond.",Bioenergy,84,WebPageElement|ImageObject|WebPage|Organization|Article,False,False,True,True,True,https://frqncy.network/v2/og/bioenergy.png,15,6,2026-04-10,2026-05-01
topic,v2/biology/,https://frqncy.network/v2/biology/,Biology — FRQNCY Network,The study of life in all its forms — from cells and genes to ecosystems and evolution.,Biology,132,WebPageElement|ImageObject|WebPage|Organization|Article,False,False,True,True,True,https://frqncy.network/v2/og/biology.png,15,7,2026-04-10,2026-04-30
topic,v2/biomimicry/,https://frqncy.network/v2/biomimicry/,Biomimicry — FRQNCY Network,Nature as design teacher — innovation inspired by 3.8 billion years of biological evolution.,Biomimicry,88,WebPageElement|ImageObject|WebPage|Organization|Article,False,False,True,True,True,https://frqncy.network/v2/og/biomimicry.png,15,6,2026-04-10,2026-04-30
topic,v2/biotechnology/,https://frqncy.network/v2/biotechnology/,Biotechnology — FRQNCY Network,Using biology as technology — engineering living systems to solve human problems.,Biotechnology,143,WebPageElement|ImageObject|WebPage|Organization|Article,False,False,True,True,True,https://frqncy.network/v2/og/biotechnology.png,16,7,2026-04-10,2026-04-30
topic,v2/blockchain/,https://frqncy.network/v2/blockchain/,Blockchain — FRQNCY Network,Distributed ledger technology — trustless systems for recording transactions and governing without central authority.,Blockchain,289,WebPageElement|ImageObject|WebPage|Organization|Article,False,False,True,True,True,https://frqncy.network/v2/og/blockchain.png,15,11,2026-04-10,2026-05-01
topic,v2/body-care/,https://frqncy.network/v2/body-care/,Body Care — FRQNCY Network,"What you put on your skin enters your body. Soaps, toothpaste, deodorants — clean, transparent, simple.",Body Care,112,WebPageElement|ImageObject|WebPage|Organization|Article,False,False,True,True,True,https://frqncy.network/v2/og/body-care.png,13,6,2026-04-25,2026-04-30
topic,v2/breathwork/,https://frqncy.network/v2/breathwork/,Breathwork — FRQNCY Network,The breath as a tool — conscious breathing practices that regulate the nervous system and unlock altered states.,Breathwork,206,WebPageElement|ImageObject|WebPage|Organization|Article,False,False,True,True,True,https://frqncy.network/v2/og/breathwork.png,17,8,2026-04-10,2026-04-30
topic,v2/broadcasting/,https://frqncy.network/v2/broadcasting/,Broadcasting — FRQNCY Network,"One-to-many communication — radio, television, podcasting, and the architecture of public attention.",Broadcasting,96,WebPageElement|ImageObject|WebPage|Organization|Article,False,False,True,True,True,https://frqncy.network/v2/og/broadcasting.png,14,6,2026-04-10,2026-04-30
topic,v2/business/,https://frqncy.network/v2/business/,Business — FRQNCY Network,"How enterprises are built, run, and scaled — regenerative models, social enterprise, and the organisations creating real-world impact.",Business,181,WebSite|ImageObject|CollectionPage|Organization|Article,False,False,True,False,True,https://frqncy.network/v2/og/business.png,14,7,2026-04-10,2026-04-29
topic,v2/cards/,https://frqncy.network/v2/cards/,Debit &amp; Credit Cards — FRQNCY Network,"Cards that move with intention. Built for travel, for sovereignty, or for participation in the new financial layer.",Debit &amp; Credit Cards,119,WebPageElement|ImageObject|WebPage|Organization|Article,False,False,True,True,True,https://frqncy.network/v2/og/cards.png,13,6,2026-04-25,2026-04-30
topic,v2/channeling/,https://frqncy.network/v2/channeling/,Channeling — FRQNCY Network,"Receiving transmission from non-physical intelligence — guides, higher selves, and entities communicating through human vessels.",Channeling,1264,ListItem|ItemList|WebSite|ImageObject|BreadcrumbList|Organization|Article,True,False,True,False,True,https://frqncy.network/v2/og/channeling.png,38,22,2026-04-10,2026-04-29
topic,v2/chemistry/,https://frqncy.network/v2/chemistry/,Chemistry — FRQNCY Network,The science of matter and its transformations — the bridge between physics and biology.,Chemistry,94,WebPageElement|ImageObject|WebPage|Organization|Article,False,False,True,True,True,https://frqncy.network/v2/og/chemistry.png,15,6,2026-04-10,2026-04-30
topic,v2/christianity/,https://frqncy.network/v2/christianity/,Christianity — FRQNCY Network,"The teachings of Christ and the long contemplative tradition that has carried them — read for the inner work, not the institution.",Christianity,121,WebPageElement|ImageObject|WebPage|Organization|Article,False,False,True,True,True,https://frqncy.network/v2/og/christianity.png,13,5,2026-04-25,2026-04-30
topic,v2/circular-economy/,https://frqncy.network/v2/circular-economy/,Circular Economy — FRQNCY Network,Economic systems designed to eliminate waste — where the end of one product becomes the start of another.,Circular Economy,91,WebPageElement|ImageObject|WebPage|Organization|Article,False,False,True,True,True,https://frqncy.network/v2/og/circular-economy.png,14,6,2026-04-10,2026-04-30
topic,v2/climate/,https://frqncy.network/v2/climate/,Climate — FRQNCY Network,The science and crisis of Earth&#x27;s changing atmosphere — the most urgent challenge of this century.,Climate,102,WebPageElement|ImageObject|WebPage|Organization|Article,False,False,True,True,True,https://frqncy.network/v2/og/climate.png,14,6,2026-04-10,2026-04-30
topic,v2/co-creation/,https://frqncy.network/v2/co-creation/,Co-creation — FRQNCY Network,Creating together — practices and processes that harness collective intelligence to build more than any individual could.,Co-creation,94,WebPageElement|ImageObject|WebPage|Organization|Article,False,False,True,True,True,https://frqncy.network/v2/og/co-creation.png,14,6,2026-04-10,2026-04-30
topic,v2/coffee-tea/,https://frqncy.network/v2/coffee-tea/,Coffee &amp; Tea — FRQNCY Network,"The daily ritual. Beans, leaves, brewing tools — what you reach for first in the morning, made the way it deserves.",Coffee &amp; Tea,121,WebPageElement|ImageObject|WebPage|Organization|Article,False,False,True,True,True,https://frqncy.network/v2/og/coffee-tea.png,13,6,2026-04-26,2026-04-30
topic,v2/collective-intelligence/,https://frqncy.network/v2/collective-intelligence/,Collective Intelligence — FRQNCY Network,"The wisdom that emerges when many minds work together — swarm intelligence, distributed cognition, and shared sense-making.",Collective Intelligence,98,WebPageElement|ImageObject|WebPage|Organization|Article,False,False,True,True,True,https://frqncy.network/v2/og/collective-intelligence.png,15,6,2026-04-10,2026-04-30
topic,v2/commodities/,https://frqncy.network/v2/commodities/,Commodities — FRQNCY Network,"Oil, gold, grain, copper — the raw inputs to everything, and the oldest markets on earth.",Commodities,307,ListItem|ItemList|WebSite|ImageObject|BreadcrumbList|Organization|Article,True,False,True,False,True,https://frqncy.network/v2/og/commodities.png,20,11,2026-04-21,2026-04-27
topic,v2/communication/,https://frqncy.network/v2/communication/,Communication — FRQNCY Network,How humans connect and express meaning — from language and dialogue to journalism and broadcast.,Communication,257,WebSite|ImageObject|CollectionPage|Organization|Article,False,False,True,False,True,https://frqncy.network/v2/og/communication.png,18,6,2026-04-10,2026-04-29
topic,v2/community/,https://frqncy.network/v2/community/,Community — FRQNCY Network,"The art of living together — building belonging, trust, and shared life with others.",Community,182,WebPageElement|ImageObject|WebPage|Organization|Article,False,False,True,True,True,https://frqncy.network/v2/og/community.png,15,9,2026-04-10,2026-04-30
topic,v2/conscious-capital/,https://frqncy.network/v2/conscious-capital/,Conscious Capital — FRQNCY Network,"Investment and finance as a force for good — capital aligned with values, not just returns.",Conscious Capital,167,WebPageElement|ImageObject|WebPage|Organization|Article,False,False,True,True,True,https://frqncy.network/v2/og/conscious-capital.png,15,8,2026-04-10,2026-04-30
topic,v2/cookware/,https://frqncy.network/v2/cookware/,Cookware — FRQNCY Network,"The pots, pans, and knives you use every day. Multigenerational, tactile, the opposite of disposable.",Cookware,132,WebPageElement|ImageObject|WebPage|Organization|Article,False,False,True,True,True,https://frqncy.network/v2/og/cookware.png,13,6,2026-04-26,2026-04-30
topic,v2/cosmos/,https://frqncy.network/v2/cosmos/,Cosmos — FRQNCY Network,"The universe in its totality — its origin, structure, and our place within it.",Cosmos,188,WebPageElement|ImageObject|WebPage|Organization|Article,False,False,True,True,True,https://frqncy.network/v2/og/cosmos.png,15,8,2026-04-10,2026-04-30
topic,v2/creation/,https://frqncy.network/v2/creation/,Creation — FRQNCY Network,"Building what has never existed — design, systems, emergence, and the act of bringing new things into the world.",Creation,286,WebSite|ImageObject|CollectionPage|Organization|Article,False,False,True,False,True,https://frqncy.network/v2/og/creation.png,17,7,2026-04-10,2026-04-29
topic,v2/crypto/,https://frqncy.network/v2/crypto/,Crypto — FRQNCY Network,"Crypto is freedom technology. A monetary system you don't need permission to use, a ledger no government can censor, a reserve no central bank can dilute. Sectors mapped, projects rated, conviction st",Crypto,1565,ListItem|WebPageElement|WebSite|ImageObject|CollectionPage|BreadcrumbList|WebPage|Organization|Article,True,False,True,True,True,https://frqncy.network/v2/og/crypto.png,49,19,2026-04-18,2026-04-28
topic,v2/cryptocurrency/,https://frqncy.network/v2/crypto/,Crypto — FRQNCY Network,"Crypto is freedom technology. A monetary system you don't need permission to use, a ledger no government can censor, a reserve no central bank can dilute. Sectors mapped, projects rated, conviction st",Crypto,1565,ListItem|WebPageElement|WebSite|ImageObject|CollectionPage|BreadcrumbList|WebPage|Organization|Article,True,False,True,True,True,https://frqncy.network/v2/og/crypto.png,51,19,2026-04-15,2026-04-28
topic,v2/cuisine/,https://frqncy.network/v2/cuisine/,Cuisine — FRQNCY Network,"Cooking as culture — the traditions, flavours, and knowledge that different peoples have built around food.",Cuisine,154,WebPageElement|ImageObject|WebPage|Organization|Article,False,False,True,True,True,https://frqncy.network/v2/og/cuisine.png,14,8,2026-04-10,2026-04-30
topic,v2/cybersecurity/,https://frqncy.network/v2/cybersecurity/,Cybersecurity — FRQNCY Network,"The protection of digital systems, data, and people — increasingly critical as life moves online.",Cybersecurity,202,WebPageElement|ImageObject|WebPage|Organization|Article,False,False,True,True,True,https://frqncy.network/v2/og/cybersecurity.png,16,9,2026-04-10,2026-04-30
topic,v2/dance/,https://frqncy.network/v2/dance/,Dance — FRQNCY Network,The body as instrument — movement as communication before language.,Dance,99,WebPageElement|ImageObject|WebPage|Organization|Article,False,False,True,True,True,https://frqncy.network/v2/og/dance.png,15,6,2026-04-10,2026-04-30
topic,v2/dao/,https://frqncy.network/v2/dao/,DAOs — FRQNCY Network,Decentralised Autonomous Organisations — internet-native entities governed by code and community rather than hierarchy.,DAOs,149,WebPageElement|ImageObject|WebPage|Organization|Article,False,False,True,True,True,https://frqncy.network/v2/og/dao.png,15,7,2026-04-10,2026-04-30
topic,v2/decentralised-ai/,https://frqncy.network/v2/decentralised-ai/,Decentralised AI — FRQNCY Network,"AI infrastructure owned by networks, not corporations — protocols that coordinate machine intelligence, computation, and inference on open, censorship-resistant rails.",Decentralised AI,153,WebPageElement|ImageObject|WebPage|Organization|Article,False,False,True,True,True,https://frqncy.network/v2/og/decentralised-ai.png,14,7,2026-04-10,2026-04-30
topic,v2/decentralized-networks/,https://frqncy.network/v2/decentralized-networks/,Decentralized Networks — FRQNCY Network,Peer-to-peer architectures that remove single points of control — the infrastructure of a more open internet.,Decentralized Networks,98,WebPageElement|ImageObject|WebPage|Organization|Article,False,False,True,True,True,https://frqncy.network/v2/og/decentralized-networks.png,15,6,2026-04-10,2026-04-30
topic,v2/defi/,https://frqncy.network/v2/defi/,DeFi — FRQNCY Network,"Decentralised Finance — financial instruments and markets built on blockchain, without banks.",DeFi,166,WebPageElement|ImageObject|WebPage|Organization|Article,False,False,True,True,True,https://frqncy.network/v2/og/defi.png,14,7,2026-04-10,2026-04-30
topic,v2/detox/,https://frqncy.network/v2/detox/,Detox — FRQNCY Network,"Clearing the body, mind, and environment of what burdens them — fasting, cleansing, and conscious simplification.",Detox,94,WebPageElement|ImageObject|WebPage|Organization|Article,False,False,True,True,True,https://frqncy.network/v2/og/detox.png,15,6,2026-04-10,2026-04-30
topic,v2/dialogue/,https://frqncy.network/v2/dialogue/,Dialogue — FRQNCY Network,Conversation as a practice — creating the conditions for genuine mutual understanding.,Dialogue,100,WebPageElement|ImageObject|WebPage|Organization|Article,False,False,True,True,True,https://frqncy.network/v2/og/dialogue.png,15,6,2026-04-10,2026-05-01
topic,v2/diaspora/,https://frqncy.network/v2/diaspora/,Diaspora — FRQNCY Network,"Communities living away from their ancestral homelands — the cultures, identities, and networks that bridge worlds.",Diaspora,101,WebPageElement|ImageObject|WebPage|Organization|Article,False,False,True,True,True,https://frqncy.network/v2/og/diaspora.png,15,6,2026-04-10,2026-04-30
topic,v2/dimensions/,https://frqncy.network/v2/dimensions/,Dimensions — FRQNCY Network,"Beyond the three spatial dimensions — higher-dimensional reality as explored through physics, mysticism, and consciousness.",Dimensions,97,WebPageElement|ImageObject|WebPage|Organization|Article,False,False,True,True,True,https://frqncy.network/v2/og/dimensions.png,13,6,2026-04-10,2026-04-30
topic,v2/ecology/,https://frqncy.network/v2/ecology/,Ecology — FRQNCY Network,The study of relationships between living organisms and their environments — the science of interconnection.,Ecology,171,WebPageElement|ImageObject|WebPage|Organization|Article,False,False,True,True,True,https://frqncy.network/v2/og/ecology.png,15,7,2026-04-10,2026-04-30
topic,v2/education/,https://frqncy.network/v2/education/,Education — FRQNCY Network,"Transmitting what&#39;s known — curating the best teachers, courses, and wisdom traditions so knowledge flows to those who need it.",Education,122,WebSite|ImageObject|CollectionPage|Organization|Article,False,False,True,False,True,https://frqncy.network/v2/og/education.png,10,5,2026-04-10,2026-04-29
topic,v2/education-systems/,https://frqncy.network/v2/education-systems/,Education Systems — FRQNCY Network,How societies pass knowledge to the next generation — and how those systems need to change.,Education Systems,123,WebPageElement|ImageObject|WebPage|Organization|Article,False,False,True,True,True,https://frqncy.network/v2/og/education-systems.png,15,6,2026-04-10,2026-04-30
topic,v2/eft-tapping/,https://frqncy.network/v2/eft-tapping/,EFT &amp; Tapping — FRQNCY Network,Emotional Freedom Techniques — combining acupressure tapping with modern psychology to release emotional blocks and reprogram limiting beliefs.,EFT &amp; Tapping,246,WebPageElement|ImageObject|WebPage|Organization|Article,False,False,True,True,True,https://frqncy.network/v2/og/eft-tapping.png,16,9,2026-04-10,2026-04-30
topic,v2/emergence/,https://frqncy.network/v2/emergence/,Emergence — FRQNCY Network,"How complex behaviour arises from simple rules — the property that makes life, consciousness, and cities possible.",Emergence,86,WebPageElement|ImageObject|WebPage|Organization|Article,False,False,True,True,True,https://frqncy.network/v2/og/emergence.png,14,6,2026-04-10,2026-04-30
topic,v2/energy/,https://frqncy.network/v2/energy/,Energy — FRQNCY Network,The forces and resources that power existence — from solar and wind to the subtle energies that move through all living systems.,Energy,233,WebSite|ImageObject|CollectionPage|Organization|Article,False,False,True,False,True,https://frqncy.network/v2/og/energy.png,18,6,2026-04-10,2026-04-29
topic,v2/energy-fields/,https://frqncy.network/v2/energy-fields/,Energy Fields — FRQNCY Network,The electromagnetic and subtle energetic phenomena that permeate living systems and space.,Energy Fields,137,WebPageElement|ImageObject|WebPage|Organization|Article,False,False,True,True,True,https://frqncy.network/v2/og/energy-fields.png,16,7,2026-04-10,2026-04-30
topic,v2/energy-healing/,https://frqncy.network/v2/energy-healing/,Energy Healing — FRQNCY Network,"Working with the subtle body — reiki, acupuncture, and other modalities that address the energetic layer of health.",Energy Healing,162,WebPageElement|ImageObject|WebPage|Organization|Article,False,False,True,True,True,https://frqncy.network/v2/og/energy-healing.png,15,7,2026-04-10,2026-04-30
topic,v2/energy-policy/,https://frqncy.network/v2/energy-policy/,Energy Policy — FRQNCY Network,"The governance of energy systems — the laws, incentives, and international agreements shaping the energy transition.",Energy Policy,116,WebPageElement|ImageObject|WebPage|Organization|Article,False,False,True,True,True,https://frqncy.network/v2/og/energy-policy.png,15,6,2026-04-10,2026-04-30
topic,v2/energy-storage/,https://frqncy.network/v2/energy-storage/,Energy Storage — FRQNCY Network,"Batteries, flywheels, and hydrogen — the technologies that make intermittent renewables reliable.",Energy Storage,93,WebPageElement|ImageObject|WebPage|Organization|Article,False,False,True,True,True,https://frqncy.network/v2/og/energy-storage.png,15,6,2026-04-10,2026-04-30
topic,v2/esports/,https://frqncy.network/v2/esports/,Esports — FRQNCY Network,"Competitive gaming at scale — the convergence of sport, entertainment, and digital culture.",Esports,88,WebPageElement|ImageObject|WebPage|Organization|Article,False,False,True,True,True,https://frqncy.network/v2/og/esports.png,14,6,2026-04-10,2026-04-30
topic,v2/fashion/,https://frqncy.network/v2/fashion/,Fashion — FRQNCY Network,"Clothing as culture, identity, and expression — where design meets the body.",Fashion,85,WebPageElement|ImageObject|WebPage|Organization|Article,False,False,True,True,True,https://frqncy.network/v2/og/fashion.png,14,6,2026-04-10,2026-04-30
topic,v2/fermentation/,https://frqncy.network/v2/fermentation/,Fermentation — FRQNCY Network,"The ancient art of transformation — microbes, cultures, and the living foods that feed the gut.",Fermentation,92,WebPageElement|ImageObject|WebPage|Organization|Article,False,False,True,True,True,https://frqncy.network/v2/og/fermentation.png,14,6,2026-04-10,2026-04-30
topic,v2/festivals/,https://frqncy.network/v2/festivals/,Festivals &amp; Events — FRQNCY Network,"Gathering in celebration — music festivals, cultural events, and the ancient human need for seasonal ritual.",Festivals &amp; Events,106,WebPageElement|ImageObject|WebPage|Organization|Article,False,False,True,True,True,https://frqncy.network/v2/og/festivals.png,15,6,2026-04-10,2026-04-30
topic,v2/file-storage/,https://frqncy.network/v2/file-storage/,File Storage — FRQNCY Network,How the world keeps its files — from centralized cloud to peer-to-peer networks that store data without single points of failure.,File Storage,210,ListItem|ItemList|WebSite|ImageObject|BreadcrumbList|Organization|Article,True,False,True,False,True,https://frqncy.network/v2/og/file-storage.png,21,7,2026-04-20,2026-04-21
topic,v2/film/,https://frqncy.network/v2/film/,Film — FRQNCY Network,Moving image as storytelling — cinema at its best as the collective dream of a culture.,Film,148,WebPageElement|ImageObject|WebPage|Organization|Article,False,False,True,True,True,https://frqncy.network/v2/og/film.png,14,7,2026-04-10,2026-04-30
topic,v2/food/,https://frqncy.network/v2/food/,Food &amp; Agriculture — FRQNCY Network,"Growing, sharing and consuming nourishment — the ancient and future relationship between humans and the land.",Food &amp; Agriculture,369,WebSite|ImageObject|CollectionPage|Organization|Article,False,False,True,False,True,https://frqncy.network/v2/og/food.png,20,9,2026-04-10,2026-04-29
topic,v2/food-sovereignty/,https://frqncy.network/v2/food-sovereignty/,Food Sovereignty — FRQNCY Network,"The right of peoples to define their own food systems — local control over seeds, land, and the food supply.",Food Sovereignty,94,WebPageElement|ImageObject|WebPage|Organization|Article,False,False,True,True,True,https://frqncy.network/v2/og/food-sovereignty.png,14,6,2026-04-10,2026-04-30
topic,v2/food-systems/,https://frqncy.network/v2/food-systems/,Food Systems — FRQNCY Network,"The full chain from soil to fork — understanding food production, distribution, and consumption as an integrated whole.",Food Systems,136,WebPageElement|ImageObject|WebPage|Organization|Article,False,False,True,True,True,https://frqncy.network/v2/og/food-systems.png,15,7,2026-04-10,2026-04-30
topic,v2/forests/,https://frqncy.network/v2/forests/,Forests — FRQNCY Network,The lungs of the planet — ancient wood-wide webs of intelligence and interdependence.,Forests,162,WebPageElement|ImageObject|WebPage|Organization|Article,False,False,True,True,True,https://frqncy.network/v2/og/forests.png,16,7,2026-04-10,2026-04-30
topic,v2/future-cities/,https://frqncy.network/v2/future-cities/,Future Cities — FRQNCY Network,Urban design for human and ecological thriving — the cities we need to build and the ones we need to transform.,Future Cities,117,WebPageElement|ImageObject|WebPage|Organization|Article,False,False,True,True,True,https://frqncy.network/v2/og/future-cities.png,15,6,2026-04-10,2026-04-30
topic,v2/future-tech/,https://frqncy.network/v2/future-tech/,Future Tech — FRQNCY Network,Technologies that don&#x27;t fully exist yet — the horizon of what&#x27;s coming next.,Future Tech,100,WebPageElement|ImageObject|WebPage|Organization|Article,False,False,True,True,True,https://frqncy.network/v2/og/future-tech.png,15,6,2026-04-10,2026-04-30
topic,v2/gaming/,https://frqncy.network/v2/gaming/,Games &amp; Gaming — FRQNCY Network,"Video games as art, culture, and community — one of the defining media forms of the 21st century.",Games &amp; Gaming,111,WebPageElement|ImageObject|WebPage|Organization|Article,False,False,True,True,True,https://frqncy.network/v2/og/gaming.png,14,6,2026-04-10,2026-04-30
topic,v2/gene-keys/,https://frqncy.network/v2/gene-keys/,Gene Keys — FRQNCY Network,Richard Rudd's synthesis translating the 64 I Ching hexagrams into a contemplative journey — from shadow patterns to gifts to your highest expression.,Gene Keys,454,WebPageElement|ImageObject|WebPage|Organization|Article,False,False,True,True,False,https://frqncy.network/og-image.png,17,10,2026-04-15,2026-04-21
topic,v2/genetics/,https://frqncy.network/v2/genetics/,Genetics — FRQNCY Network,"The science of heredity and DNA — how traits are encoded, expressed, and passed on.",Genetics,106,WebPageElement|ImageObject|WebPage|Organization|Article,False,False,True,True,True,https://frqncy.network/v2/og/genetics.png,15,6,2026-04-10,2026-04-30
topic,v2/geothermal/,https://frqncy.network/v2/geothermal/,Geothermal — FRQNCY Network,"Earth&#x27;s internal heat as power — stable, baseload renewable energy from the planet itself.",Geothermal,68,WebPageElement|ImageObject|WebPage|Organization|Article,False,False,True,True,True,https://frqncy.network/v2/og/geothermal.png,14,5,2026-04-10,2026-04-30
topic,v2/governance/,https://frqncy.network/v2/governance/,Governance — FRQNCY Network,How communities make decisions together — from ancient councils to digital democracy.,Governance,91,WebPageElement|ImageObject|WebPage|Organization|Article,False,False,True,True,True,https://frqncy.network/v2/og/governance.png,14,6,2026-04-10,2026-04-30
topic,v2/grid-technology/,https://frqncy.network/v2/grid-technology/,Grid Technology — FRQNCY Network,"Smart grids, microgrids, and the infrastructure of energy distribution — how power gets from source to use.",Grid Technology,100,WebPageElement|ImageObject|WebPage|Organization|Article,False,False,True,True,True,https://frqncy.network/v2/og/grid-technology.png,14,6,2026-04-10,2026-04-30
topic,v2/history/,https://frqncy.network/v2/history/,History — FRQNCY Network,"The suppressed and forgotten chapters of human civilisation — lost cultures, ancient advanced knowledge, and the researchers challenging the official timeline.",History,167,WebPageElement|ImageObject|WebPage|Organization|Article,False,False,True,True,True,https://frqncy.network/v2/og/history.png,15,8,2026-04-10,2026-04-30
topic,v2/human-design/,https://frqncy.network/v2/human-design/,Human Design — FRQNCY Network,"A synthesis of astrology, the I Ching, Kabbalah, the Hindu-Brahmin chakra system, and quantum physics — mapping your energetic blueprint for decision-making, relationships, and purpose.",Human Design,376,WebPageElement|ImageObject|WebPage|Organization|Article,False,False,True,True,True,https://frqncy.network/v2/og/human-design.png,16,12,2026-04-15,2026-04-30
topic,v2/humor/,https://frqncy.network/v2/humor/,Humor &amp; Comedy — FRQNCY Network,Laughter as wisdom — the way comedy reveals truth by approaching it from the side.,Humor &amp; Comedy,100,WebPageElement|ImageObject|WebPage|Organization|Article,False,False,True,True,True,https://frqncy.network/v2/og/humor.png,14,6,2026-04-10,2026-04-30
topic,v2/impact-investing/,https://frqncy.network/v2/impact-investing/,Impact Investing — FRQNCY Network,Capital directed toward measurable social and environmental outcomes alongside financial returns.,Impact Investing,101,WebPageElement|ImageObject|WebPage|Organization|Article,False,False,True,True,True,https://frqncy.network/v2/og/impact-investing.png,15,6,2026-04-10,2026-04-30
topic,v2/indigenous-wisdom/,https://frqncy.network/v2/indigenous-wisdom/,Indigenous Wisdom — FRQNCY Network,The knowledge systems of the world&#x27;s original peoples — deep ecological intelligence developed across millennia.,Indigenous Wisdom,166,WebPageElement|ImageObject|WebPage|Organization|Article,False,False,True,True,True,https://frqncy.network/v2/og/indigenous-wisdom.png,15,7,2026-04-10,2026-04-30
topic,v2/journalism/,https://frqncy.network/v2/journalism/,Journalism — FRQNCY Network,Bearing witness and telling truth — the essential craft of documenting reality for the public good.,Journalism,110,WebPageElement|ImageObject|WebPage|Organization|Article,False,False,True,True,True,https://frqncy.network/v2/og/journalism.png,15,6,2026-04-10,2026-04-30
topic,v2/kriya-yoga/,https://frqncy.network/v2/kriya-yoga/,Kriya Yoga — FRQNCY Network,The ancient science of energy and breath — the meditation techniques transmitted through Lahiri Mahasaya and Paramhansa Yogananda that accelerate spiritual evolution.,Kriya Yoga,286,WebPageElement|ImageObject|WebPage|Organization|Article,False,False,True,True,True,https://frqncy.network/v2/og/kriya-yoga.png,15,10,2026-04-10,2026-04-30
topic,v2/language/,https://frqncy.network/v2/language/,Language — FRQNCY Network,The system of meaning that makes humans human — and how the languages we speak shape the thoughts we can think.,Language,88,WebPageElement|ImageObject|WebPage|Organization|Article,False,False,True,True,True,https://frqncy.network/v2/og/language.png,14,6,2026-04-10,2026-04-30
topic,v2/leisure/,https://frqncy.network/v2/leisure/,Leisure &amp; Rest — FRQNCY Network,"The art of doing nothing — rest, idleness, and the case for a less productive life.",Leisure &amp; Rest,99,WebPageElement|ImageObject|WebPage|Organization|Article,False,False,True,True,True,https://frqncy.network/v2/og/leisure.png,13,6,2026-04-10,2026-04-30
topic,v2/lifestyle/,https://frqncy.network/v2/lifestyle/,Lifestyle — FRQNCY Network,"Conscious ways of living — the daily choices, rhythms, and practices that shape a life of intention.",Lifestyle,445,WebSite|ImageObject|CollectionPage|Organization|Article,False,False,True,False,True,https://frqncy.network/v2/og/lifestyle.png,25,8,2026-04-10,2026-04-29
topic,v2/manifestation/,https://frqncy.network/v2/manifestation/,Manifestation — FRQNCY Network,"The art of consciously creating reality — the principles, practices, and traditions behind turning thought into form.",Manifestation,345,WebPageElement|ImageObject|WebPage|Organization|Article,False,False,True,True,True,https://frqncy.network/v2/og/manifestation.png,15,12,2026-04-10,2026-04-30
topic,v2/mathematics/,https://frqncy.network/v2/mathematics/,Mathematics — FRQNCY Network,The language of pattern and structure — the abstract discipline that underlies all of science.,Mathematics,125,WebPageElement|ImageObject|WebPage|Organization|Article,False,False,True,True,True,https://frqncy.network/v2/og/mathematics.png,15,7,2026-04-10,2026-04-30
topic,v2/media/,https://frqncy.network/v2/media/,Media — FRQNCY Network,"Spreading the signal — amplifying the voices, stories, and art that shift perception and move culture toward something more alive.",Media,105,WebSite|ImageObject|CollectionPage|Organization|Article,False,False,True,False,True,https://frqncy.network/v2/og/media.png,9,5,2026-04-10,2026-04-29
topic,v2/medicine/,https://frqncy.network/v2/medicine/,Medicine — FRQNCY Network,The science and practice of healing the human body — from diagnostics to treatment to prevention.,Medicine,313,WebPageElement|ImageObject|WebPage|Organization|Article,False,False,True,True,True,https://frqncy.network/v2/og/medicine.png,15,11,2026-04-10,2026-04-30
topic,v2/meditation/,https://frqncy.network/v2/meditation/,Meditation — FRQNCY Network,"The practice of conscious attention — sitting with what is, training the mind toward presence.",Meditation,373,WebPageElement|ImageObject|WebPage|Organization|Article,False,False,True,True,True,https://frqncy.network/v2/og/meditation.png,16,13,2026-04-10,2026-04-30
topic,v2/mental-health/,https://frqncy.network/v2/mental-health/,Mental Health — FRQNCY Network,The full spectrum of psychological wellbeing — from everyday emotional literacy to clinical care and beyond.,Mental Health,127,WebPageElement|ImageObject|WebPage|Organization|Article,False,False,True,True,True,https://frqncy.network/v2/og/mental-health.png,15,7,2026-04-10,2026-04-30
topic,v2/merkaba/,https://frqncy.network/v2/merkaba/,Merkaba — FRQNCY Network,The light-body — sacred geometry applied to human energy fields and consciousness.,Merkaba,100,WebPageElement|ImageObject|WebPage|Organization|Article,False,False,True,True,True,https://frqncy.network/v2/og/merkaba.png,15,6,2026-04-10,2026-04-30
topic,v2/metaphysics/,https://frqncy.network/v2/metaphysics/,Metaphysics — FRQNCY Network,"The architecture of reality — consciousness, dimensions, sacred law, and the invisible structures that underpin the visible world.",Metaphysics,581,WebSite|ImageObject|CollectionPage|Organization|Article,False,False,True,False,True,https://frqncy.network/v2/og/metaphysics.png,32,11,2026-04-10,2026-04-29
topic,v2/minimalism/,https://frqncy.network/v2/minimalism/,Minimalism — FRQNCY Network,Intentional reduction — creating space for what matters by releasing what doesn&#x27;t.,Minimalism,244,WebPageElement|ImageObject|WebPage|Organization|Article,False,False,True,True,True,https://frqncy.network/v2/og/minimalism.png,15,10,2026-04-10,2026-04-30
topic,v2/money/,https://frqncy.network/v2/money/,Money — FRQNCY Network,"Money is energy you create by being of service. A field guide — Maloney, Wattles, Lapin, Hill — to what money actually is, what it isn't, and how to relate to it without losing yourself.",Money,1907,WebSite|WebPage|Article|WebPageElement,False,False,True,True,True,https://frqncy.network/v2/og/money.png,18,9,2026-04-15,2026-04-28
topic,v2/movement/,https://frqncy.network/v2/movement/,Movement — FRQNCY Network,The body in motion — from exercise and sport to somatic practice and daily physical awareness.,Movement,225,WebPageElement|ImageObject|WebPage|Organization|Article,False,False,True,True,True,https://frqncy.network/v2/og/movement.png,15,10,2026-04-10,2026-04-30
topic,v2/music/,https://frqncy.network/v2/music/,Music — FRQNCY Network,"Frequency made audible. The most universal language. Why analog still matters, why the lyrics you repeat become you, and the geometry that emerges when sound meets matter.",Music,2292,WebSite|WebPage|Article|WebPageElement,False,False,True,True,True,https://frqncy.network/v2/og/music.png,13,8,2026-04-10,2026-04-28
topic,v2/music-hub/,https://frqncy.network/v2/music-hub/,Music — FRQNCY,"Music as frequency, ceremony, memory. Artists, albums, playlists, and scenes that resonate with the network.",Music,219,WebPageElement|WebSite|ImageObject|CollectionPage|WebPage|Organization|Article,False,False,True,True,False,https://frqncy.network/og-image.png,16,6,2026-04-25,2026-04-25
topic,v2/mythology/,https://frqncy.network/v2/mythology/,Mythology — FRQNCY Network,"The stories cultures tell to remember what they cannot otherwise hold — gods, ancestors, and the layered cosmologies of every people.",Mythology,77,WebPageElement|ImageObject|WebPage|Organization|Article,False,False,True,True,True,https://frqncy.network/v2/og/mythology.png,13,4,2026-04-25,2026-04-30
topic,v2/natural-cycles/,https://frqncy.network/v2/natural-cycles/,Natural Cycles — FRQNCY Network,"The rhythms of moon, season, and breath — the patterns that govern organic life.",Natural Cycles,155,WebPageElement|ImageObject|WebPage|Organization|Article,False,False,True,True,True,https://frqncy.network/v2/og/natural-cycles.png,15,7,2026-04-10,2026-04-30
topic,v2/nature/,https://frqncy.network/v2/nature/,Nature &amp; Cosmos — FRQNCY Network,"The living systems of existence — from ecosystems and oceans to stars, cycles, and the geometry beneath it all.",Nature &amp; Cosmos,415,WebSite|ImageObject|CollectionPage|Organization|Article,False,False,True,False,True,https://frqncy.network/v2/og/nature.png,21,9,2026-04-10,2026-04-29
topic,v2/near-death-experiences/,https://frqncy.network/v2/near-death-experiences/,Near-Death Experiences — FRQNCY Network,"Accounts and science of consciousness beyond physical death — what NDEs reveal about the soul, reality, and what awaits.",Near-Death Experiences,217,WebPageElement|ImageObject|WebPage|Organization|Article,False,False,True,True,True,https://frqncy.network/v2/og/near-death-experiences.png,15,8,2026-04-10,2026-04-30
topic,v2/network-state/,https://frqncy.network/v2/network-state/,Network State — FRQNCY Network,"The sovereign community — physical and digital spaces where a new kind of society takes root, governed by shared values rather than geography.",Network State,204,WebSite|ImageObject|CollectionPage|Organization|Article,False,False,True,False,True,https://frqncy.network/v2/og/network-state.png,11,7,2026-04-10,2026-04-29
topic,v2/neuroscience/,https://frqncy.network/v2/neuroscience/,Neuroscience — FRQNCY Network,"The science of the brain and nervous system — mapping the biological substrate of thought, feeling, and consciousness.",Neuroscience,134,WebPageElement|ImageObject|WebPage|Organization|Article,False,False,True,True,True,https://frqncy.network/v2/og/neuroscience.png,15,7,2026-04-10,2026-04-30
topic,v2/nonviolent-communication/,https://frqncy.network/v2/nonviolent-communication/,Nonviolent Communication — FRQNCY Network,"Marshall Rosenberg&#x27;s framework for compassionate connection — needs, feelings, and the language of empathy.",Nonviolent Communication,96,WebPageElement|ImageObject|WebPage|Organization|Article,False,False,True,True,True,https://frqncy.network/v2/og/nonviolent-communication.png,14,5,2026-04-10,2026-04-30
topic,v2/nutrition/,https://frqncy.network/v2/nutrition/,Nutrition — FRQNCY Network,Food as medicine — the science and art of nourishing the body optimally.,Nutrition,167,WebPageElement|ImageObject|WebPage|Organization|Article,False,False,True,True,True,https://frqncy.network/v2/og/nutrition.png,15,8,2026-04-10,2026-04-30
topic,v2/oceans/,https://frqncy.network/v2/oceans/,Oceans — FRQNCY Network,The world&#x27;s largest ecosystem — covering 71% of Earth and generating over half our oxygen.,Oceans,152,WebPageElement|ImageObject|WebPage|Organization|Article,False,False,True,True,True,https://frqncy.network/v2/og/oceans.png,16,7,2026-04-10,2026-04-30
topic,v2/oneness/,https://frqncy.network/v2/oneness/,Oneness — FRQNCY Network,The non-dual understanding that all existence is one — the mystical foundation underlying most wisdom traditions.,Oneness,130,WebPageElement|ImageObject|WebPage|Organization|Article,False,False,True,True,True,https://frqncy.network/v2/og/oneness.png,15,7,2026-04-10,2026-04-30
topic,v2/open-source/,https://frqncy.network/v2/open-source/,Open Source — FRQNCY Network,"Building in public — code, knowledge, and tools shared freely for anyone to use and improve.",Open Source,104,WebPageElement|ImageObject|WebPage|Organization|Article,False,False,True,True,True,https://frqncy.network/v2/og/open-source.png,15,6,2026-04-10,2026-04-30
topic,v2/outdoor-adventure/,https://frqncy.network/v2/outdoor-adventure/,Outdoor Adventure — FRQNCY Network,"The wild as playground — hiking, climbing, surfing, and the practice of moving through the natural world.",Outdoor Adventure,105,WebPageElement|ImageObject|WebPage|Organization|Article,False,False,True,True,True,https://frqncy.network/v2/og/outdoor-adventure.png,15,6,2026-04-10,2026-04-30
topic,v2/peace/,https://frqncy.network/v2/peace/,Peace — FRQNCY Network,"More than the absence of war — active peace-building, reconciliation, and the conditions for human flourishing.",Peace,91,WebPageElement|ImageObject|WebPage|Organization|Article,False,False,True,True,True,https://frqncy.network/v2/og/peace.png,15,6,2026-04-10,2026-04-30
topic,v2/permaculture/,https://frqncy.network/v2/permaculture/,Permaculture — FRQNCY Network,Design science for sustainable human habitats — mimicking the patterns and resilience of natural ecosystems.,Permaculture,131,WebPageElement|ImageObject|WebPage|Organization|Article,False,False,True,True,True,https://frqncy.network/v2/og/permaculture.png,16,7,2026-04-10,2026-04-30
topic,v2/personal-development/,https://frqncy.network/v2/personal-development/,Personal Development — FRQNCY Network,"The inner and outer work of becoming — habits, mindset, communication, and the lifelong practice of self-mastery.",Personal Development,226,WebPageElement|ImageObject|WebPage|Organization|Article,False,False,True,True,True,https://frqncy.network/v2/og/personal-development.png,14,9,2026-04-10,2026-04-30
topic,v2/photography/,https://frqncy.network/v2/photography/,Photography — FRQNCY Network,The art of the decisive moment — freezing light and time into meaning.,Photography,91,WebPageElement|ImageObject|WebPage|Organization|Article,False,False,True,True,True,https://frqncy.network/v2/og/photography.png,15,6,2026-04-10,2026-04-30
topic,v2/plant-medicine/,https://frqncy.network/v2/plant-medicine/,Plant Medicine — FRQNCY Network,Healing plants and fungi — from adaptogenic herbs to entheogenic ceremony.,Plant Medicine,95,WebPageElement|ImageObject|WebPage|Organization|Article,False,False,True,True,True,https://frqncy.network/v2/og/plant-medicine.png,15,6,2026-04-10,2026-04-30
topic,v2/play/,https://frqncy.network/v2/play/,Play &amp; Recreation — FRQNCY Network,"Joy, games, sports and leisure — the parts of life that remind us existence is not just work.",Play &amp; Recreation,283,WebSite|ImageObject|CollectionPage|Organization|Article,False,False,True,False,True,https://frqncy.network/v2/og/play.png,17,6,2026-04-10,2026-04-29
topic,v2/play-creativity/,https://frqncy.network/v2/play-creativity/,Play &amp; Creativity — FRQNCY Network,Play as the engine of innovation — how unstructured exploration leads to the most original thinking.,Play &amp; Creativity,115,WebPageElement|ImageObject|WebPage|Organization|Article,False,False,True,True,True,https://frqncy.network/v2/og/play-creativity.png,15,6,2026-04-10,2026-04-30
topic,v2/poetry/,https://frqncy.network/v2/poetry/,Poetry — FRQNCY Network,"Language at its most compressed and alive — where sound, image, and meaning converge.",Poetry,157,WebPageElement|ImageObject|WebPage|Organization|Article,False,False,True,True,True,https://frqncy.network/v2/og/poetry.png,16,7,2026-04-10,2026-04-30
topic,v2/privacy/,https://frqncy.network/v2/privacy/,Privacy &amp; Sovereignty — FRQNCY Network,"Tools that keep you the owner of your data, your money, and your attention. The digital floor of an alternative society.",Privacy &amp; Sovereignty,117,WebPageElement|ImageObject|WebPage|Organization|Article,False,False,True,True,True,https://frqncy.network/v2/og/privacy.png,13,6,2026-04-26,2026-04-30
topic,v2/product-design/,https://frqncy.network/v2/product-design/,Product Design — FRQNCY Network,"Designing objects, systems, and experiences people love to use — where function meets form.",Product Design,109,WebPageElement|ImageObject|WebPage|Organization|Article,False,False,True,True,True,https://frqncy.network/v2/og/product-design.png,14,6,2026-04-10,2026-04-30
topic,v2/prosperity-mindset/,https://frqncy.network/v2/prosperity-mindset/,Prosperity Mindset — FRQNCY Network,"Wealth as a state of consciousness first — the philosophy, psychology, and practical wisdom of financial abundance.",Prosperity Mindset,253,WebPageElement|ImageObject|WebPage|Organization|Article,False,False,True,True,True,https://frqncy.network/v2/og/prosperity-mindset.png,14,9,2026-04-10,2026-04-30
topic,v2/prototyping/,https://frqncy.network/v2/prototyping/,Prototyping — FRQNCY Network,Making to learn — the practice of building rough versions fast to discover what works.,Prototyping,93,WebPageElement|ImageObject|WebPage|Organization|Article,False,False,True,True,True,https://frqncy.network/v2/og/prototyping.png,14,6,2026-04-10,2026-04-30
topic,v2/psychology/,https://frqncy.network/v2/psychology/,Psychology — FRQNCY Network,"The science of mind and behaviour — how humans perceive, think, feel, and act.",Psychology,195,WebPageElement|ImageObject|WebPage|Organization|Article,False,False,True,True,True,https://frqncy.network/v2/og/psychology.png,15,8,2026-04-10,2026-04-30
topic,v2/public-speaking/,https://frqncy.network/v2/public-speaking/,Public Speaking — FRQNCY Network,"The art of moving people with words — presence, clarity, and the power to shift a room.",Public Speaking,149,WebPageElement|ImageObject|WebPage|Organization|Article,False,False,True,True,True,https://frqncy.network/v2/og/public-speaking.png,15,7,2026-04-10,2026-04-30
topic,v2/quantum/,https://frqncy.network/v2/quantum/,Quantum Physics — FRQNCY Network,"The behaviour of matter and energy at the smallest scales — where reality gets strange, probabilistic, and deeply interconnected.",Quantum Physics,146,WebPageElement|ImageObject|WebPage|Organization|Article,False,False,True,True,True,https://frqncy.network/v2/og/quantum.png,15,7,2026-04-10,2026-04-30
topic,v2/quantum-computing/,https://frqncy.network/v2/quantum-computing/,Quantum Computing — FRQNCY Network,Computing that harnesses quantum mechanical phenomena — with the potential to solve problems beyond classical computers.,Quantum Computing,75,WebPageElement|ImageObject|WebPage|Organization|Article,False,False,True,True,True,https://frqncy.network/v2/og/quantum-computing.png,14,5,2026-04-10,2026-04-30
topic,v2/quantum-grammar/,https://frqncy.network/v2/quantum-grammar/,Quantum Grammar — FRQNCY Network,"A framework exploring how language, syntax, and meaning operate at a fundamental level — bridging quantum principles with the structure of consciousness and communication.",Quantum Grammar,16,ImageObject|Article|Organization,False,False,True,False,True,https://frqncy.network/v2/og/quantum-grammar.png,12,3,2026-04-11,2026-04-30
topic,v2/regenerative-business/,https://frqncy.network/v2/regenerative-business/,Regenerative Business — FRQNCY Network,Companies that give back more than they take — business as a restorative force in the world.,Regenerative Business,140,WebPageElement|ImageObject|WebPage|Organization|Article,False,False,True,True,True,https://frqncy.network/v2/og/regenerative-business.png,15,7,2026-04-10,2026-04-30
topic,v2/regenerative-farming/,https://frqncy.network/v2/regenerative-farming/,Regenerative Farming — FRQNCY Network,"Agriculture that rebuilds soil health, sequesters carbon, and restores ecosystems rather than depleting them.",Regenerative Farming,91,WebPageElement|ImageObject|WebPage|Organization|Article,False,False,True,True,True,https://frqncy.network/v2/og/regenerative-farming.png,14,6,2026-04-10,2026-04-30
topic,v2/remote-viewing/,https://frqncy.network/v2/remote-viewing/,Remote Viewing — FRQNCY Network,The scientifically studied ability to perceive distant targets through non-local consciousness — developed in US government intelligence programmes.,Remote Viewing,148,WebPageElement|ImageObject|WebPage|Organization|Article,False,False,True,True,True,https://frqncy.network/v2/og/remote-viewing.png,15,7,2026-04-10,2026-04-30
topic,v2/renewable-energy/,https://frqncy.network/v2/renewable-energy/,Renewable Energy — FRQNCY Network,"Energy from inexhaustible sources — wind, solar, hydro, and geothermal as the foundations of a post-carbon world.",Renewable Energy,102,WebPageElement|ImageObject|WebPage|Organization|Article,False,False,True,True,True,https://frqncy.network/v2/og/renewable-energy.png,15,6,2026-04-10,2026-04-30
topic,v2/research/,https://frqncy.network/v2/research/,Research — FRQNCY Network,"Exploring what isn&#39;t known yet — mapping the edges of science, philosophy, and consciousness where the next discoveries live.",Research,133,WebSite|ImageObject|CollectionPage|Organization|Article,False,False,True,False,True,https://frqncy.network/v2/og/research.png,10,5,2026-04-10,2026-04-29
topic,v2/robert-jay-gould/,https://frqncy.network/v2/robert-jay-gould/,Robert Jay Gould — FRQNCY Network,"Thinker and researcher whose work sits at the intersection of consciousness, science, and the evolution of human understanding.",Robert Jay Gould,16,ImageObject|Article|Organization,False,False,True,False,True,https://frqncy.network/v2/og/robert-jay-gould.png,12,3,2026-04-11,2026-04-30
topic,v2/robotics/,https://frqncy.network/v2/robotics/,Robotics — FRQNCY Network,The design and engineering of autonomous machines — from industrial robots to soft bio-inspired forms.,Robotics,101,WebPageElement|ImageObject|WebPage|Organization|Article,False,False,True,True,True,https://frqncy.network/v2/og/robotics.png,14,6,2026-04-10,2026-04-30
topic,v2/sacred-geometry/,https://frqncy.network/v2/sacred-geometry/,Sacred Geometry — FRQNCY Network,The mathematical patterns underlying nature and cosmology — from the golden ratio to the Flower of Life.,Sacred Geometry,84,WebPageElement|ImageObject|WebPage|Organization|Article,False,False,True,True,True,https://frqncy.network/v2/og/sacred-geometry.png,14,6,2026-04-10,2026-04-30
topic,v2/sacred-law/,https://frqncy.network/v2/sacred-law/,Sacred Law — FRQNCY Network,"The universal principles governing existence — natural law as understood across indigenous, hermetic, and contemplative traditions.",Sacred Law,265,WebPageElement|ImageObject|WebPage|Organization|Article,False,False,True,True,True,https://frqncy.network/v2/og/sacred-law.png,15,10,2026-04-10,2026-04-30
topic,v2/sciences/,https://frqncy.network/v2/sciences/,Sciences — FRQNCY Network,"Empirical exploration of reality — the disciplines that probe the deep structure of life, matter, and mind.",Sciences,428,WebSite|ImageObject|CollectionPage|Organization|Article,False,False,True,False,True,https://frqncy.network/v2/og/sciences.png,25,9,2026-04-10,2026-04-29
topic,v2/siddha-yoga/,https://frqncy.network/v2/siddha-yoga/,Siddha Yoga — FRQNCY Network,"The path of grace through the Siddha lineage — shaktipat initiation, self-inquiry, and the teachings of Swami Muktananda and Gurumayi.",Siddha Yoga,248,WebPageElement|ImageObject|WebPage|Organization|Article,False,False,True,True,True,https://frqncy.network/v2/og/siddha-yoga.png,15,10,2026-04-10,2026-04-30
topic,v2/sleep/,https://frqncy.network/v2/sleep/,Sleep — FRQNCY Network,"The foundation of health and cognition — the science and practice of deep, restorative rest.",Sleep,116,WebPageElement|ImageObject|WebPage|Organization|Article,False,False,True,True,True,https://frqncy.network/v2/og/sleep.png,14,7,2026-04-10,2026-04-30
topic,v2/social-enterprise/,https://frqncy.network/v2/social-enterprise/,Social Enterprise — FRQNCY Network,"Business models that put mission first — companies designed to serve people and planet, not just profit.",Social Enterprise,174,WebPageElement|ImageObject|WebPage|Organization|Article,False,False,True,True,True,https://frqncy.network/v2/og/social-enterprise.png,15,7,2026-04-10,2026-04-30
topic,v2/social-media/,https://frqncy.network/v2/social-media/,Social Media — FRQNCY Network,"Digital platforms as public squares — and the profound effects they have on attention, identity, and collective sense-making.",Social Media,118,WebPageElement|ImageObject|WebPage|Organization|Article,False,False,True,True,True,https://frqncy.network/v2/og/social-media.png,15,6,2026-04-10,2026-04-30
topic,v2/social-movements/,https://frqncy.network/v2/social-movements/,Social Movements — FRQNCY Network,"Organised collective action for change — how societies transform through protest, organising, and cultural shift.",Social Movements,110,WebPageElement|ImageObject|WebPage|Organization|Article,False,False,True,True,True,https://frqncy.network/v2/og/social-movements.png,15,6,2026-04-10,2026-04-30
topic,v2/society/,https://frqncy.network/v2/society/,Society &amp; Networks — FRQNCY Network,"Collective human systems — how people organise, govern, move, and shape the world together.",Society &amp; Networks,308,WebSite|ImageObject|CollectionPage|Organization|Article,False,False,True,False,True,https://frqncy.network/v2/og/society.png,20,7,2026-04-10,2026-04-29
topic,v2/solar/,https://frqncy.network/v2/solar/,Solar — FRQNCY Network,The sun as power source — photovoltaics and concentrated solar as the fastest-growing energy technology in history.,Solar,95,WebPageElement|ImageObject|WebPage|Organization|Article,False,False,True,True,True,https://frqncy.network/v2/og/solar.png,14,6,2026-04-10,2026-04-30
topic,v2/somatic-therapy/,https://frqncy.network/v2/somatic-therapy/,Somatic Therapy — FRQNCY Network,Healing stored in the body — trauma-informed approaches that work through sensation and movement rather than talk alone.,Somatic Therapy,83,WebPageElement|ImageObject|WebPage|Organization|Article,False,False,True,True,True,https://frqncy.network/v2/og/somatic-therapy.png,14,5,2026-04-10,2026-04-29
topic,v2/soul/,https://frqncy.network/v2/soul/,Soul — FRQNCY Network,"The individual spark of consciousness — its nature, purpose, and relationship to the universal.",Soul,98,WebPageElement|ImageObject|WebPage|Organization|Article,False,False,True,True,True,https://frqncy.network/v2/og/soul.png,13,6,2026-04-10,2026-04-30
topic,v2/sound-healing/,https://frqncy.network/v2/sound-healing/,Sound Healing — FRQNCY Network,"Frequency as medicine — the use of vibration, music, and resonance to heal body and mind.",Sound Healing,180,WebPageElement|ImageObject|WebPage|Organization|Article,False,False,True,True,True,https://frqncy.network/v2/og/sound-healing.png,17,8,2026-04-10,2026-04-30
topic,v2/source/,https://frqncy.network/v2/source/,Source — FRQNCY Network,The origin of existence — the ground of being from which all phenomena arise.,Source,302,WebPageElement|ImageObject|WebPage|Organization|Article,False,False,True,True,True,https://frqncy.network/v2/og/source.png,14,9,2026-04-10,2026-04-30
topic,v2/spirituality/,https://frqncy.network/v2/spirituality/,Spirituality — FRQNCY Network,"The lived practice of contact with the sacred — across traditions, lineages, and direct experience. Where prayer, devotion, mysticism, and the search for meaning meet; where personal practice begins.",Spirituality,357,WebSite|ImageObject|CollectionPage|Organization|Article,False,False,True,False,True,https://frqncy.network/v2/og/remote-viewing.png,21,9,2026-04-28,2026-04-29
topic,v2/sports/,https://frqncy.network/v2/sports/,Sports — FRQNCY Network,Sports do not build character. They reveal it. — Heywood Hale Broun,Sports,431,WebPageElement|ImageObject|WebPage|Organization|Article,False,False,True,True,True,https://frqncy.network/v2/og/sports.png,18,18,2026-04-10,2026-04-30
topic,v2/stocks/,https://frqncy.network/v2/stocks/,Stocks — FRQNCY Network,"Ownership in the real economy — equities, indices, and the public markets as a long arc of compounding productive capital.",Stocks,296,ListItem|ItemList|WebSite|ImageObject|BreadcrumbList|Organization|Article,True,False,True,False,True,https://frqncy.network/v2/og/stocks.png,20,11,2026-04-21,2026-04-27
topic,v2/storytelling/,https://frqncy.network/v2/storytelling/,Storytelling — FRQNCY Network,"The ancient technology of narrative — how stories shape identity, culture, and what we believe is possible.",Storytelling,162,WebPageElement|ImageObject|WebPage|Organization|Article,False,False,True,True,True,https://frqncy.network/v2/og/storytelling.png,15,8,2026-04-10,2026-04-30
topic,v2/supplements/,https://frqncy.network/v2/supplements/,Supplements — FRQNCY Network,"What you put inside the body. Single ingredients, third-party tested, no proprietary blends.",Supplements,134,WebPageElement|ImageObject|WebPage|Organization|Article,False,False,True,True,True,https://frqncy.network/v2/og/supplements.png,13,6,2026-04-26,2026-04-30
topic,v2/sustainable-living/,https://frqncy.network/v2/sustainable-living/,Sustainable Living — FRQNCY Network,Living within planetary limits — practical choices that reduce footprint and increase rootedness.,Sustainable Living,150,WebPageElement|ImageObject|WebPage|Organization|Article,False,False,True,True,True,https://frqncy.network/v2/og/sustainable-living.png,16,7,2026-04-10,2026-05-01
topic,v2/synchronicity/,https://frqncy.network/v2/synchronicity/,Synchronicity — FRQNCY Network,Meaningful coincidence — Jung&#x27;s concept of acausal connecting principle linking inner and outer events.,Synchronicity,91,WebPageElement|ImageObject|WebPage|Organization|Article,False,False,True,True,True,https://frqncy.network/v2/og/synchronicity.png,14,6,2026-04-10,2026-04-30
topic,v2/systems-thinking/,https://frqncy.network/v2/systems-thinking/,Systems Thinking — FRQNCY Network,"Seeing wholes, not parts — the discipline of understanding complex, interconnected systems.",Systems Thinking,76,WebPageElement|ImageObject|WebPage|Organization|Article,False,False,True,True,True,https://frqncy.network/v2/og/systems-thinking.png,13,5,2026-04-10,2026-04-30
topic,v2/taoism/,https://frqncy.network/v2/taoism/,Taoism — FRQNCY Network,"The Way of returning. Lao Tzu, Chuang Tzu, and the tradition of moving with rather than against.",Taoism,54,WebPageElement|ImageObject|WebPage|Organization|Article,False,False,True,True,True,https://frqncy.network/v2/og/taoism.png,13,4,2026-04-25,2026-04-30
topic,v2/technology/,https://frqncy.network/v2/technology/,Technology — FRQNCY Network,Tools shaping the future — the technologies being built now that will define how humanity lives and works.,Technology,302,WebSite|ImageObject|CollectionPage|Organization|Article,False,False,True,False,True,https://frqncy.network/v2/og/technology.png,21,7,2026-04-10,2026-04-29
topic,v2/theater/,https://frqncy.network/v2/theater/,Theater — FRQNCY Network,Live performance as ritual — the oldest form of communal storytelling.,Theater,100,WebPageElement|ImageObject|WebPage|Organization|Article,False,False,True,True,True,https://frqncy.network/v2/og/theater.png,14,6,2026-04-10,2026-04-30
topic,v2/tools-carry/,https://frqncy.network/v2/tools-carry/,Tools &amp; Carry — FRQNCY Network,The objects you use every day that should last a decade. The opposite of fast fashion for things.,Tools &amp; Carry,126,WebPageElement|ImageObject|WebPage|Organization|Article,False,False,True,True,True,https://frqncy.network/v2/og/tools-carry.png,13,6,2026-04-26,2026-04-30
topic,v2/translation/,https://frqncy.network/v2/translation/,Translation — FRQNCY Network,The work of crossing linguistic borders — and what is always gained and lost in the crossing.,Translation,89,WebPageElement|ImageObject|WebPage|Organization|Article,False,False,True,True,True,https://frqncy.network/v2/og/translation.png,15,6,2026-04-10,2026-04-30
topic,v2/urban-farming/,https://frqncy.network/v2/urban-farming/,Urban Farming — FRQNCY Network,"Growing food in cities — rooftop gardens, vertical farms, and community plots reclaiming urban space.",Urban Farming,94,WebPageElement|ImageObject|WebPage|Organization|Article,False,False,True,True,True,https://frqncy.network/v2/og/urban-farming.png,15,6,2026-04-10,2026-05-01
topic,v2/vibration/,https://frqncy.network/v2/vibration/,Vibration — FRQNCY Network,"Everything is frequency — the understanding that matter, thought, and emotion all operate as oscillating energy.",Vibration,232,WebPageElement|ImageObject|WebPage|Organization|Article,False,False,True,True,True,https://frqncy.network/v2/og/vibration.png,15,9,2026-04-10,2026-04-30
topic,v2/visual-art/,https://frqncy.network/v2/visual-art/,Visual Art — FRQNCY Network,"Painting, sculpture, installation, and image — art that speaks through what is seen.",Visual Art,90,WebPageElement|ImageObject|WebPage|Organization|Article,False,False,True,True,True,https://frqncy.network/v2/og/visual-art.png,14,5,2026-04-10,2026-04-30
topic,v2/water/,https://frqncy.network/v2/water/,Water — FRQNCY Network,"The element that carries information. What we drink, what we are made of, and what listens. Crystals in motion — Topic 0001 of 146.",Water,2039,ListItem|WebPageElement|WebSite|BreadcrumbList|WebPage|Article,True,False,True,True,True,https://frqncy.network/v2/og/water.png,16,11,2026-04-25,2026-04-28
topic,v2/web3/,https://frqncy.network/v2/web3/,Web3 — FRQNCY Network,"A vision of a decentralised web owned by users rather than corporations — still being built, still contested.",Web3,133,WebPageElement|ImageObject|WebPage|Organization|Article,False,False,True,True,True,https://frqncy.network/v2/og/web3.png,15,7,2026-04-10,2026-04-30
topic,v2/wellbeing/,https://frqncy.network/v2/wellbeing/,Wellbeing — FRQNCY Network,"The body knows how. Wellbeing is what happens when you stop interfering. A field guide to the six pillars — sleep, food, movement, breath, sun, and connection — and the lineages worth listening to.",Wellbeing,2029,ListItem|WebPageElement|WebSite|BreadcrumbList|WebPage|Article,True,False,True,True,True,https://frqncy.network/v2/og/wellbeing.png,28,10,2026-04-10,2026-04-28
topic,v2/wind-energy/,https://frqncy.network/v2/wind-energy/,Wind Energy — FRQNCY Network,"Capturing the motion of air — onshore and offshore wind as mature, scalable clean energy.",Wind Energy,91,WebPageElement|ImageObject|WebPage|Organization|Article,False,False,True,True,True,https://frqncy.network/v2/og/wind-energy.png,14,6,2026-04-10,2026-04-30
topic,v2/word-illuminator/,https://frqncy.network/v2/word-illuminator/,Word Illuminator — FRQNCY Network,"A tool inside FRQNCY that deepens understanding of single words — definitions, etymology, derivatives, and the interpretive layer that ties each word back to lived practice.",Word Illuminator,398,WebPageElement|ImageObject|WebPage|Organization|Article,False,False,True,True,False,,12,3,2026-04-28,2026-04-29
topic,v2/world-models/,https://frqncy.network/v2/world-models/,World Models — FRQNCY Network,"AI systems that learn an internal simulation of reality — predicting, imagining, and planning inside their own model of the world.",World Models,328,ListItem|ItemList|WebSite|ImageObject|BreadcrumbList|Organization|Article,True,False,True,False,True,https://frqncy.network/v2/og/world-models.png,19,11,2026-04-22,2026-04-22
topic,v2/yoga/,https://frqncy.network/v2/yoga/,Yoga — FRQNCY Network,"The union of body, breath, and mind — one of humanity&#x27;s oldest and most refined movement-meditation systems.",Yoga,430,WebPageElement|ImageObject|WebPage|Organization|Article,False,False,True,True,True,https://frqncy.network/v2/og/yoga.png,17,14,2026-04-10,2026-04-30
course-index,v2/courses/,https://frqncy.network/v2/courses/,Courses — FRQNCY Network,"Structured learning paths across consciousness, science, and wellbeing. The FRQNCY Course Library.",Courses,0,ListItem|ItemList,False,False,False,False,False,https://frqncy.network/og-image.png,8,3,2026-04-15,2026-04-25
course,v2/courses/conscious-living-foundations/,https://frqncy.network/v2/courses/conscious-living-foundations/,Conscious Living Foundations — FRQNCY Courses,"A cross-domain introduction to conscious living — covering the pillars of the FRQNCY network: consciousness, well-being, society, and creative action.",What is Conscious Living?,356,ListItem|Course|BreadcrumbList|Organization,True,False,False,False,False,https://frqncy.network/og-image.png,8,3,2026-04-15,2026-04-29
course,v2/courses/crypto-fundamentals/,https://frqncy.network/v2/courses/crypto-fundamentals/,Crypto Fundamentals — FRQNCY Courses,"Understand blockchain, Bitcoin, Ethereum, DeFi, and Web3 from first principles. Learn why decentralization matters — for money, for identity, and for building a more sovereign world.",What Is a Blockchain?,490,ListItem|Course|BreadcrumbList|Organization,True,False,False,False,False,https://frqncy.network/og-image.png,8,3,2026-04-18,2026-04-29
course,v2/courses/meditation-101/,https://frqncy.network/v2/courses/meditation-101/,Meditation 101 — FRQNCY Courses,"A complete beginner's path through the science, philosophy, and practice of meditation. Move from curiosity to a daily sitting practice in five lessons.",Why Meditate?,337,ListItem|Course|BreadcrumbList|Organization,True,False,False,False,False,https://frqncy.network/og-image.png,7,4,2026-04-15,2026-04-29
course,v2/courses/quantum-grammar/,https://frqncy.network/v2/courses/quantum-grammar/,Quantum Grammar — FRQNCY Courses,"Explore how syntax and sentence construction shape reality, commerce, and sovereignty. Discover the mathematical structure behind contracts, statutes, and the language that binds.",What Is Quantum Grammar?,378,ListItem|Course|BreadcrumbList|Organization,True,False,False,False,False,https://frqncy.network/og-image.png,7,4,2026-04-18,2026-04-29
course,v2/courses/quantum-reality/,https://frqncy.network/v2/courses/quantum-reality/,Quantum Reality — FRQNCY Courses,A guided journey through quantum mechanics — from the double slit experiment to quantum fields and what it all means for consciousness and reality.,The Double Slit Experiment,335,ListItem|Course|BreadcrumbList|Organization,True,False,False,False,False,https://frqncy.network/og-image.png,7,4,2026-04-15,2026-04-29
course,v2/courses/working-with-claude/,https://frqncy.network/v2/courses/working-with-claude/,Working with Claude — FRQNCY Courses,"Most people use AI like a vending machine. Claude is built to work like a thoughtful collaborator. This short course teaches the prompting, the boundaries, and the practices that turn the tool into a ",Why Claude is Different,402,ListItem|Course|BreadcrumbList|Organization,True,False,False,False,False,https://frqncy.network/og-image.png,7,6,2026-04-25,2026-04-29
